Dimension : Anvil height,"3.60000",mm
Dimension : Area,"181.17160",mm^2
Dimension : Final anvil height,"3.60000",mm
Dimension : Final area,"181.17160",mm^2
Dimension : Final thickness,"13.46000",mm
Dimension : Final width,"13.46000",mm
Dimension : Geometry,Rectangular
Dimension : Thickness,"13.46000",mm
Dimension : Width,"13.46000",mm

Time,Extension,Load,Compressive strain,Compressive stress,Cycle Count
(sec),(mm),(N),(mm/mm),(MPa),
"0.00000","0.00016","0.01188","-0.00004","-0.00007","0"
"0.00200","0.00016","0.01021","-0.00004","-0.00006","0"
"0.00400","0.00016","0.00849","-0.00004","-0.00005","0"
"0.10400","-0.14781","-0.01792","0.04106","0.00010","0"
"0.20400","-0.32844","-0.05682","0.09123","0.00031","0"
"0.30400","-0.49891","-0.07667","0.13859","0.00042","0"
"0.40400","-0.66656","-0.22829","0.18516","0.00126","0"
"0.50400","-0.83328","-0.75216","0.23147","0.00415","0"
"0.60400","-0.99984","-1.78243","0.27773","0.00984","0"
"0.60600","-1.00328","-1.81219","0.27869","0.01000","0"
"0.60800","-1.00656","-1.84269","0.27960","0.01017","0"
"0.70800","-0.87016","-1.23523","0.24171","0.00682","0"
"0.80800","-0.67891","-0.25294","0.18859","0.00140","0"
"0.90800","-0.50547","0.00279","0.14041","-0.00002","0"
"1.00800","-0.33703","0.08666","0.09362","-0.00048","0"
"1.10800","-0.17000","0.00450","0.04722","-0.00002","0"
"1.20800","-0.00344","-0.06406","0.00095","0.00035","0"
"1.21200","0.00312","-0.04832","-0.00087","0.00027","0"
"1.21400","0.00656","-0.04336","-0.00182","0.00024","1"
"1.31400","-0.13000","-0.06075","0.03611","0.00034","1"
"1.41400","-0.32109","-0.06019","0.08919","0.00033","1"
"1.51400","-0.49453","-0.09696","0.13737","0.00054","1"
"1.61400","-0.66297","-0.20570","0.18416","0.00114","1"
"1.71400","-0.82984","-0.76785","0.23051","0.00424","1"
"1.81400","-0.99656","-1.70094","0.27682","0.00939","1"
"1.81800","-1.00312","-1.75927","0.27865","0.00971","1"
"1.82000","-1.00656","-1.78744","0.27960","0.00987","1"
"1.92000","-0.87000","-1.23318","0.24167","0.00681","1"
"2.02000","-0.67906","-0.21297","0.18863","0.00118","1"
"2.12000","-0.50547","-0.09148","0.14041","0.00050","1"
"2.22000","-0.33703","0.05038","0.09362","-0.00028","1"
"2.32000","-0.17000","0.02860","0.04722","-0.00016","1"
"2.42000","-0.00344","0.01733","0.00095","-0.00010","1"
"2.42400","0.00312","0.01267","-0.00087","-0.00007","1"
"2.42600","0.00656","0.01085","-0.00182","-0.00006","2"
"2.52600","-0.13000","-0.03404","0.03611","0.00019","2"
"2.62600","-0.32109","0.00270","0.08919","-0.00001","2"
"2.72600","-0.49453","-0.00542","0.13737","0.00003","2"
"2.82600","-0.66297","-0.04978","0.18416","0.00027","2"
"2.92600","-0.82984","-0.60783","0.23051","0.00336","2"
"3.02600","-0.99656","-1.58705","0.27682","0.00876","2"
"3.03000","-1.00328","-1.63111","0.27869","0.00900","2"
"3.03200","-1.00656","-1.65345","0.27960","0.00913","2"
"3.13200","-0.87000","-1.14241","0.24167","0.00631","2"
"3.23200","-0.67891","-0.04472","0.18859","0.00025","2"
"3.33200","-0.50547","0.02664","0.14041","-0.00015","2"
"3.43200","-0.33703","0.10996","0.09362","-0.00061","2"
"3.53200","-0.17000","0.06253","0.04722","-0.00035","2"
"3.63200","-0.00344","0.01160","0.00095","-0.00006","2"
"3.63600","0.00312","0.01315","-0.00087","-0.00007","2"
"3.63800","0.00641","0.01465","-0.00178","-0.00008","3"
"3.73800","-0.13000","0.02275","0.03611","-0.00013","3"
"3.83800","-0.32109","0.02524","0.08919","-0.00014","3"
"3.93800","-0.49438","-0.01476","0.13733","0.00008","3"
"4.03800","-0.66297","-0.16608","0.18416","0.00092","3"
"4.13800","-0.82984","-0.60704","0.23051","0.00335","3"
"4.23800","-0.99656","-1.66451","0.27682","0.00919","3"
"4.24200","-1.00328","-1.70722","0.27869","0.00942","3"
"4.24400","-1.00656","-1.72812","0.27960","0.00954","3"
"4.34400","-0.87000","-1.22602","0.24167","0.00677","3"
"4.44400","-0.67891","-0.19429","0.18859","0.00107","3"
"4.54400","-0.50547","-0.07656","0.14041","0.00042","3"
"4.64400","-0.33703","0.02972","0.09362","-0.00016","3"
"4.74400","-0.17000","-0.12083","0.04722","0.00067","3"
"4.84400","-0.00344","-0.05709","0.00095","0.00032","3"
"4.84800","0.00312","-0.05345","-0.00087","0.00030","3"
"4.85000","0.00656","-0.05263","-0.00182","0.00029","4"
"4.95000","-0.13000","-0.02707","0.03611","0.00015","4"
"5.05000","-0.32125","-0.09110","0.08924","0.00050","4"
"5.15000","-0.49453","-0.10201","0.13737","0.00056","4"
"5.25000","-0.66297","-0.15581","0.18416","0.00086","4"
"5.35000","-0.82984","-0.65767","0.23051","0.00363","4"
"5.45000","-0.99656","-1.71828","0.27682","0.00948","4"
"5.45400","-1.00328","-1.76844","0.27869","0.00976","4"
"5.45600","-1.00656","-1.79435","0.27960","0.00990","4"
"5.55600","-0.87000","-1.15717","0.24167","0.00639","4"
"5.65600","-0.67906","-0.17063","0.18863","0.00094","4"
"5.75600","-0.50547","-0.14131","0.14041","0.00078","4"
"5.85600","-0.33703","0.02305","0.09362","-0.00013","4"
"5.95600","-0.17016","-0.06117","0.04727","0.00034","4"
"6.05600","-0.00344","0.00769","0.00095","-0.00004","4"
"6.06000","0.00312","0.00308","-0.00087","-0.00002","4"
"6.06200","0.00656","0.00002","-0.00182","0.00000","5"
"6.16200","-0.13000","0.00249","0.03611","-0.00001","5"
"6.26200","-0.32109","-0.08215","0.08919","0.00045","5"
"6.36200","-0.49453","-0.03295","0.13737","0.00018","5"
"6.46200","-0.66297","-0.10253","0.18416","0.00057","5"
"6.56200","-0.82984","-0.64331","0.23051","0.00355","5"
"6.66200","-0.99641","-1.66164","0.27678","0.00917","5"
"6.66600","-1.00328","-1.70731","0.27869","0.00942","5"
"6.66800","-1.00656","-1.73160","0.27960","0.00956","5"
"6.76800","-0.87000","-1.16973","0.24167","0.00646","5"
"6.86800","-0.67891","-0.20838","0.18859","0.00115","5"
"6.96800","-0.50547","-0.01898","0.14041","0.00010","5"
"7.06800","-0.33703","0.06457","0.09362","-0.00036","5"
"7.16800","-0.17000","-0.11265","0.04722","0.00062","5"
"7.26800","-0.00359","-0.01344","0.00100","0.00007","5"
"7.27200","0.00312","-0.01734","-0.00087","0.00010","5"
"7.27400","0.00641","-0.02072","-0.00178","0.00011","6"
"7.37400","-0.13000","0.10178","0.03611","-0.00056","6"
"7.47400","-0.32109","0.04414","0.08919","-0.00024","6"
"7.57400","-0.49453","-0.01837","0.13737","0.00010","6"
"7.67400","-0.66297","-0.17346","0.18416","0.00096","6"
"7.77400","-0.82984","-0.64910","0.23051","0.00358","6"
"7.87400","-0.99656","-1.63534","0.27682","0.00903","6"
"7.87800","-1.00328","-1.67298","0.27869","0.00923","6"
"7.88000","-1.00656","-1.68828","0.27960","0.00932","6"
"7.98000","-0.87000","-1.15816","0.24167","0.00639","6"
"8.08000","-0.67891","-0.15879","0.18859","0.00088","6"
"8.18000","-0.50547","0.03618","0.14041","-0.00020","6"
"8.28000","-0.33703","0.04036","0.09362","-0.00022","6"
"8.38000","-0.17016","-0.03064","0.04727","0.00017","6"
"8.48000","-0.00359","0.01551","0.00100","-0.00009","6"
"8.48400","0.00312","0.01883","-0.00087","-0.00010","6"
"8.48600","0.00641","0.02018","-0.00178","-0.00011","7"
"8.58600","-0.13000","-0.02175","0.03611","0.00012","7"
"8.68600","-0.32125","-0.02572","0.08924","0.00014","7"
"8.78600","-0.49453","-0.03334","0.13737","0.00018","7"
"8.88600","-0.66297","-0.19374","0.18416","0.00107","7"
"8.98600","-0.82984","-0.62716","0.23051","0.00346","7"
"9.08600","-0.99656","-1.71333","0.27682","0.00946","7"
"9.09000","-1.00312","-1.75795","0.27865","0.00970","7"
"9.09200","-1.00656","-1.77999","0.27960","0.00982","7"
"9.19200","-0.87000","-1.25349","0.24167","0.00692","7"
"9.29200","-0.67891","-0.19962","0.18859","0.00110","7"
"9.39200","-0.50547","-0.06077","0.14041","0.00034","7"
"9.49200","-0.33703","0.04566","0.09362","-0.00025","7"
"9.59200","-0.17000","-0.10180","0.04722","0.00056","7"
"9.69200","-0.00359","-0.08103","0.00100","0.00045","7"
"9.69600","0.00312","-0.07674","-0.00087","0.00042","7"
"9.69800","0.00656","-0.07349","-0.00182","0.00041","8"
"9.79800","-0.13000","-0.02337","0.03611","0.00013","8"
"9.89800","-0.32109","-0.04633","0.08919","0.00026","8"
"9.99800","-0.49453","-0.04121","0.13737","0.00023","8"
"10.09800","-0.66297","-0.20160","0.18416","0.00111","8"
"10.19800","-0.82984","-0.62464","0.23051","0.00345","8"
"10.29800","-0.99656","-1.69719","0.27682","0.00937","8"
"10.30200","-1.00312","-1.74025","0.27865","0.00961","8"
"10.30400","-1.00656","-1.75954","0.27960","0.00971","8"
"10.40400","-0.87000","-1.16717","0.24167","0.00644","8"
"10.50400","-0.67906","-0.19603","0.18863","0.00108","8"
"10.60400","-0.50547","-0.02335","0.14041","0.00013","8"
"10.70400","-0.33703","0.10019","0.09362","-0.00055","8"
"10.80400","-0.17016","-0.02163","0.04727","0.00012","8"
"10.90400","-0.00344","-0.03878","0.00095","0.00021","8"
"10.90800","0.00312","-0.03635","-0.00087","0.00020","8"
"10.91000","0.00641","-0.03584","-0.00178","0.00020","9"
"11.01000","-0.13000","0.00324","0.03611","-0.00002","9"
"11.11000","-0.32125","-0.00464","0.08924","0.00003","9"
"11.21000","-0.49453","0.05502","0.13737","-0.00030","9"
"11.31000","-0.66297","-0.08184","0.18416","0.00045","9"
"11.41000","-0.82984","-0.52664","0.23051","0.00291","9"
"11.51000","-0.99656","-1.54875","0.27682","0.00855","9"
"11.51400","-1.00328","-1.60231","0.27869","0.00884","9"
"11.51600","-1.00656","-1.63015","0.27960","0.00900","9"
"11.61600","-0.87000","-1.06072","0.24167","0.00585","9"
"11.71600","-0.67891","-0.03125","0.18859","0.00017","9"
"11.81600","-0.50547","0.02634","0.14041","-0.00015","9"
"11.91600","-0.33703","0.11566","0.09362","-0.00064","9"
"12.01600","-0.17016","-0.00985","0.04727","0.00005","9"
"12.11600","-0.00359","-0.00819","0.00100","0.00005","9"
"12.12000","0.00312","-0.00565","-0.00087","0.00003","9"
"12.12200","0.00641","-0.00210","-0.00178","0.00001","10"
"12.22200","-0.13000","0.05630","0.03611","-0.00031","10"
"12.32200","-0.32109","0.09518","0.08919","-0.00053","10"
"12.42200","-0.49453","-0.05564","0.13737","0.00031","10"
"12.52200","-0.66297","-0.13644","0.18416","0.00075","10"
"12.62200","-0.82984","-0.59023","0.23051","0.00326","10"
"12.72200","-0.99656","-1.62418","0.27682","0.00896","10"
"12.72600","-1.00328","-1.67822","0.27869","0.00926","10"
"12.72800","-1.00656","-1.70560","0.27960","0.00941","10"
"12.82800","-0.87000","-1.17689","0.24167","0.00650","10"
"12.92800","-0.67906","-0.15777","0.18863","0.00087","10"
"13.02800","-0.50547","-0.09192","0.14041","0.00051","10"
"13.12800","-0.33703","-0.00904","0.09362","0.00005","10"
"13.22800","-0.17016","-0.12503","0.04727","0.00069","10"
"13.32800","-0.00359","-0.11876","0.00100","0.00066","10"
"13.33200","0.00312","-0.11536","-0.00087","0.00064","10"
"13.33400","0.00641","-0.11493","-0.00178","0.00063","11"
"13.43400","-0.13000","-0.04855","0.03611","0.00027","11"
"13.53400","-0.32109","0.03510","0.08919","-0.00019","11"
"13.63400","-0.49453","-0.09791","0.13737","0.00054","11"
"13.73400","-0.66281","-0.15931","0.18411","0.00088","11"
"13.83400","-0.82984","-0.66773","0.23051","0.00369","11"
"13.93400","-0.99656","-1.69626","0.27682","0.00936","11"
"13.93800","-1.00328","-1.74060","0.27869","0.00961","11"
"13.94000","-1.00656","-1.76239","0.27960","0.00973","11"
"14.04000","-0.87000","-1.21486","0.24167","0.00671","11"
"14.14000","-0.67891","-0.20038","0.18859","0.00111","11"
"14.24000","-0.50547","-0.03574","0.14041","0.00020","11"
"14.34000","-0.33703","0.03189","0.09362","-0.00018","11"
"14.44000","-0.17000","-0.04357","0.04722","0.00024","11"
"14.54000","-0.00359","0.04112","0.00100","-0.00023","11"
"14.54400","0.00312","0.03411","-0.00087","-0.00019","11"
"14.54600","0.00641","0.03248","-0.00178","-0.00018","12"
"14.64600","-0.13000","-0.00926","0.03611","0.00005","12"
"14.74600","-0.32125","-0.04470","0.08924","0.00025","12"
"14.84600","-0.49453","0.01250","0.13737","-0.00007","12"
"14.94600","-0.66297","-0.11848","0.18416","0.00065","12"
"15.04600","-0.82984","-0.57484","0.23051","0.00317","12"
"15.14600","-0.99641","-1.58035","0.27678","0.00872","12"
"15.15000","-1.00328","-1.62432","0.27869","0.00897","12"
"15.15200","-1.00656","-1.64570","0.27960","0.00908","12"
"15.25200","-0.87000","-1.08015","0.24167","0.00596","12"
"15.35200","-0.67891","-0.16572","0.18859","0.00091","12"
"15.45200","-0.50547","0.06327","0.14041","-0.00035","12"
"15.55200","-0.33703","0.14845","0.09362","-0.00082","12"
"15.65200","-0.17000","0.04128","0.04722","-0.00023","12"
"15.75200","-0.00359","0.02793","0.00100","-0.00015","12"
"15.75600","0.00312","0.03090","-0.00087","-0.00017","12"
"15.75800","0.00641","0.03093","-0.00178","-0.00017","13"
"15.85800","-0.13000","0.03415","0.03611","-0.00019","13"
"15.95800","-0.32109","0.08642","0.08919","-0.00048","13"
"16.05800","-0.49453","0.01060","0.13737","-0.00006","13"
"16.15800","-0.66297","-0.09880","0.18416","0.00055","13"
"16.25800","-0.82984","-0.55354","0.23051","0.00306","13"
"16.35800","-0.99656","-1.54551","0.27682","0.00853","13"
"16.36200","-1.00328","-1.59572","0.27869","0.00881","13"
"16.36400","-1.00656","-1.62264","0.27960","0.00896","13"
"16.46400","-0.87000","-1.09957","0.24167","0.00607","13"
"16.56400","-0.67906","-0.10270","0.18863","0.00057","13"
"16.66400","-0.50547","-0.06654","0.14041","0.00037","13"
"16.76400","-0.33703","0.03224","0.09362","-0.00018","13"
"16.86400","-0.17016","-0.07890","0.04727","0.00044","13"
"16.96400","-0.00359","-0.05956","0.00100","0.00033","13"
"16.96800","0.00312","-0.04987","-0.00087","0.00028","13"
"16.97000","0.00641","-0.04584","-0.00178","0.00025","14"
"17.07000","-0.13000","-0.00287","0.03611","0.00002","14"
"17.17000","-0.32109","0.00895","0.08919","-0.00005","14"
"17.27000","-0.49453","-0.06205","0.13737","0.00034","14"
"17.37000","-0.66297","-0.18108","0.18416","0.00100","14"
"17.47000","-0.82984","-0.68906","0.23051","0.00380","14"
"17.57000","-0.99656","-1.71702","0.27682","0.00948","14"
"17.57400","-1.00328","-1.76168","0.27869","0.00972","14"
"17.57600","-1.00656","-1.78419","0.27960","0.00985","14"
"17.67600","-0.87000","-1.20754","0.24167","0.00667","14"
"17.77600","-0.67891","-0.21387","0.18859","0.00118","14"
"17.87600","-0.50547","-0.08822","0.14041","0.00049","14"
"17.97600","-0.33703","0.04340","0.09362","-0.00024","14"
"18.07600","-0.17016","-0.08384","0.04727","0.00046","14"
"18.17600","-0.00359","-0.11798","0.00100","0.00065","14"
"18.18000","0.00312","-0.11897","-0.00087","0.00066","14"
"18.18200","0.00641","-0.11672","-0.00178","0.00064","15"
"18.28200","-0.13000","-0.02532","0.03611","0.00014","15"
"18.38200","-0.32109","-0.06098","0.08919","0.00034","15"
"18.48200","-0.49453","-0.10811","0.13737","0.00060","15"
"18.58200","-0.66281","-0.18293","0.18411","0.00101","15"
"18.68200","-0.83000","-0.56697","0.23056","0.00313","15"
"18.78200","-0.99656","-1.61025","0.27682","0.00889","15"
"18.78600","-1.00328","-1.66966","0.27869","0.00922","15"
"18.78800","-1.00656","-1.69894","0.27960","0.00938","15"
"18.88800","-0.87000","-1.14763","0.24167","0.00633","15"
"18.98800","-0.67891","-0.15196","0.18859","0.00084","15"
"19.08800","-0.50547","-0.04846","0.14041","0.00027","15"
"19.18800","-0.33703","0.08478","0.09362","-0.00047","15"
"19.28800","-0.17016","0.01875","0.04727","-0.00010","15"
"19.38800","-0.00359","0.04492","0.00100","-0.00025","15"
"19.39200","0.00312","0.06432","-0.00087","-0.00036","15"
"19.39400","0.00641","0.07215","-0.00178","-0.00040","16"
"19.49400","-0.13000","0.03209","0.03611","-0.00018","16"
"19.59400","-0.32109","0.03585","0.08919","-0.00020","16"
"19.69400","-0.49453","0.05461","0.13737","-0.00030","16"
"19.79400","-0.66297","-0.06844","0.18416","0.00038","16"
"19.89400","-0.83000","-0.62668","0.23056","0.00346","16"
"19.99400","-0.99656","-1.60480","0.27682","0.00886","16"
"19.99800","-1.00328","-1.64831","0.27869","0.00910","16"
"20.00000","-1.00656","-1.67109","0.27960","0.00922","16"
"20.10000","-0.87000","-1.18799","0.24167","0.00656","16"
"20.20000","-0.67891","-0.08126","0.18859","0.00045","16"
"20.30000","-0.50547","0.03253","0.14041","-0.00018","16"
"20.40000","-0.33703","0.08421","0.09362","-0.00046","16"
"20.50000","-0.17016","0.00935","0.04727","-0.00005","16"
"20.60000","-0.00359","0.02787","0.00100","-0.00015","16"
"20.60400","0.00312","0.02864","-0.00087","-0.00016","16"
"20.60600","0.00641","0.02813","-0.00178","-0.00016","17"
"20.70600","-0.13000","0.04502","0.03611","-0.00025","17"
"20.80600","-0.32109","-0.03118","0.08919","0.00017","17"
"20.90600","-0.49453","0.01450","0.13737","-0.00008","17"
"21.00600","-0.66297","-0.11860","0.18416","0.00065","17"
"21.10600","-0.82984","-0.61047","0.23051","0.00337","17"
"21.20600","-0.99656","-1.59287","0.27682","0.00879","17"
"21.21000","-1.00328","-1.63580","0.27869","0.00903","17"
"21.21200","-1.00656","-1.65832","0.27960","0.00915","17"
"21.31200","-0.87000","-1.14938","0.24167","0.00634","17"
"21.41200","-0.67906","-0.10379","0.18863","0.00057","17"
"21.51200","-0.50547","-0.02374","0.14041","0.00013","17"
"21.61200","-0.33703","0.07701","0.09362","-0.00043","17"
"21.71200","-0.17016","-0.02447","0.04727","0.00014","17"
"21.81200","-0.00344","-0.01409","0.00095","0.00008","17"
"21.81600","0.00312","-0.01234","-0.00087","0.00007","17"
"21.81800","0.00641","-0.01108","-0.00178","0.00006","18"
"21.91800","-0.13000","-0.06009","0.03611","0.00033","18"
"22.01800","-0.32109","-0.06458","0.08919","0.00036","18"
"22.11800","-0.49453","0.02068","0.13737","-0.00011","18"
"22.21800","-0.66281","-0.11689","0.18411","0.00065","18"
"22.31800","-0.82984","-0.59197","0.23051","0.00327","18"
"22.41800","-0.99656","-1.65153","0.27682","0.00912","18"
"22.42200","-1.00328","-1.69935","0.27869","0.00938","18"
"22.42400","-1.00656","-1.72474","0.27960","0.00952","18"
"22.52400","-0.87016","-1.14432","0.24171","0.00632","18"
"22.62400","-0.67891","-0.14246","0.18859","0.00079","18"
"22.72400","-0.50563","-0.07602","0.14045","0.00042","18"
"22.82400","-0.33703","0.04825","0.09362","-0.00027","18"
"22.92400","-0.17016","-0.05463","0.04727","0.00030","18"
"23.02400","-0.00359","-0.02119","0.00100","0.00012","18"
"23.02800","0.00312","-0.01132","-0.00087","0.00006","18"
"23.03000","0.00641","-0.00723","-0.00178","0.00004","19"
"23.13000","-0.13000","-0.02042","0.03611","0.00011","19"
"23.23000","-0.32109","-0.04450","0.08919","0.00025","19"
"23.33000","-0.49453","-0.07055","0.13737","0.00039","19"
"23.43000","-0.66297","-0.12285","0.18416","0.00068","19"
"23.53000","-0.82984","-0.61438","0.23051","0.00339","19"
"23.63000","-0.99656","-1.62769","0.27682","0.00898","19"
"23.63400","-1.00328","-1.67559","0.27869","0.00925","19"
"23.63600","-1.00656","-1.70101","0.27960","0.00939","19"
"23.73600","-0.87000","-1.05549","0.24167","0.00583","19"
"23.83600","-0.67891","-0.11453","0.18859","0.00063","19"
"23.93600","-0.50563","-0.05984","0.14045","0.00033","19"
"24.03600","-0.33703","-0.00337","0.09362","0.00002","19"
"24.13600","-0.17016","-0.03690","0.04727","0.00020","19"
"24.23600","-0.00359","-0.06410","0.00100","0.00035","19"
"24.24000","0.00312","-0.06941","-0.00087","0.00038","19"
"24.24200","0.00656","-0.07160","-0.00182","0.00040","20"
"24.34200","-0.13000","-0.03645","0.03611","0.00020","20"
"24.44200","-0.32109","-0.04036","0.08919","0.00022","20"
"24.54200","-0.49438","-0.06354","0.13733","0.00035","20"
"24.64200","-0.66281","-0.12297","0.18411","0.00068","20"
"24.74200","-0.83000","-0.64597","0.23056","0.00357","20"
"24.84200","-0.99656","-1.66763","0.27682","0.00920","20"
"24.84600","-1.00312","-1.71583","0.27865","0.00947","20"
"24.84800","-1.00656","-1.74022","0.27960","0.00961","20"
"24.94800","-0.87000","-1.14215","0.24167","0.00630","20"
"25.04800","-0.67891","-0.15485","0.18859","0.00085","20"
"25.14800","-0.50547","-0.12497","0.14041","0.00069","20"
"25.24800","-0.33703","0.01291","0.09362","-0.00007","20"
"25.34800","-0.17016","-0.00783","0.04727","0.00004","20"
"25.44800","-0.00359","-0.01841","0.00100","0.00010","20"
"25.45200","0.00312","-0.01916","-0.00087","0.00011","20"
"25.45400","0.00656","-0.02011","-0.00182","0.00011","21"
"25.55400","-0.13000","-0.02495","0.03611","0.00014","21"
"25.65400","-0.32109","-0.02384","0.08919","0.00013","21"
"25.75400","-0.49438","-0.02397","0.13733","0.00013","21"
"25.85400","-0.66297","-0.14009","0.18416","0.00077","21"
"25.95400","-0.83000","-0.58511","0.23056","0.00323","21"
"26.05400","-0.99656","-1.60164","0.27682","0.00884","21"
"26.05800","-1.00312","-1.65545","0.27865","0.00914","21"
"26.06000","-1.00656","-1.67926","0.27960","0.00927","21"
"26.16000","-0.87000","-1.16836","0.24167","0.00645","21"
"26.26000","-0.67906","-0.11075","0.18863","0.00061","21"
"26.36000","-0.50547","-0.08949","0.14041","0.00049","21"
"26.46000","-0.33703","0.07514","0.09362","-0.00041","21"
"26.56000","-0.17016","-0.09577","0.04727","0.00053","21"
"26.66000","-0.00344","0.01371","0.00095","-0.00008","21"
"26.66400","0.00312","0.02769","-0.00087","-0.00015","21"
"26.66600","0.00656","0.03314","-0.00182","-0.00018","22"
"26.76600","-0.13000","-0.01469","0.03611","0.00008","22"
"26.86600","-0.32109","-0.03660","0.08919","0.00020","22"
"26.96600","-0.49453","-0.02259","0.13737","0.00012","22"
"27.06600","-0.66297","-0.11786","0.18416","0.00065","22"
"27.16600","-0.82984","-0.55574","0.23051","0.00307","22"
"27.26600","-0.99656","-1.61640","0.27682","0.00892","22"
"27.27000","-1.00312","-1.66716","0.27865","0.00920","22"
"27.27200","-1.00656","-1.69309","0.27960","0.00935","22"
"27.37200","-0.87000","-1.09545","0.24167","0.00605","22"
"27.47200","-0.67891","-0.12569","0.18859","0.00069","22"
"27.57200","-0.50547","-0.00970","0.14041","0.00005","22"
"27.67200","-0.33703","0.08562","0.09362","-0.00047","22"
"27.77200","-0.17016","0.00052","0.04727","0.00000","22"
"27.87200","-0.00344","0.00123","0.00095","-0.00001","22"
"27.87600","0.00312","0.00779","-0.00087","-0.00004","22"
"27.87800","0.00641","0.01236","-0.00178","-0.00007","23"
"27.97800","-0.13000","-0.03292","0.03611","0.00018","23"
"28.07800","-0.32109","-0.04135","0.08919","0.00023","23"
"28.17800","-0.49438","-0.05005","0.13733","0.00028","23"
"28.27800","-0.66297","-0.16240","0.18416","0.00090","23"
"28.37800","-0.82984","-0.62131","0.23051","0.00343","23"
"28.47800","-0.99641","-1.65535","0.27678","0.00914","23"
"28.48200","-1.00328","-1.70429","0.27869","0.00941","23"
"28.48400","-1.00656","-1.72901","0.27960","0.00954","23"
"28.58400","-0.87000","-1.17973","0.24167","0.00651","23"
"28.68400","-0.67906","-0.19089","0.18863","0.00105","23"
"28.78400","-0.50547","-0.13413","0.14041","0.00074","23"
"28.88400","-0.33703","0.00653","0.09362","-0.00004","23"
"28.98400","-0.17016","-0.13072","0.04727","0.00072","23"
"29.08400","-0.00344","-0.06313","0.00095","0.00035","23"
"29.08800","0.00312","-0.05506","-0.00087","0.00030","23"
"29.09000","0.00656","-0.05198","-0.00182","0.00029","24"
"29.19000","-0.13000","-0.05822","0.03611","0.00032","24"
"29.29000","-0.32109","-0.11179","0.08919","0.00062","24"
"29.39000","-0.49438","-0.14609","0.13733","0.00081","24"
"29.49000","-0.66297","-0.19557","0.18416","0.00108","24"
"29.59000","-0.83000","-0.60523","0.23056","0.00334","24"
"29.69000","-0.99641","-1.63151","0.27678","0.00901","24"
"29.69400","-1.00312","-1.67740","0.27865","0.00926","24"
"29.69600","-1.00656","-1.69990","0.27960","0.00938","24"
"29.79600","-0.87000","-1.15381","0.24167","0.00637","24"
"29.89600","-0.67891","-0.16748","0.18859","0.00092","24"
"29.99600","-0.50547","-0.03068","0.14041","0.00017","24"
"30.09600","-0.33703","0.05670","0.09362","-0.00031","24"
"30.19600","-0.17016","-0.01509","0.04727","0.00008","24"
"30.29600","-0.00359","-0.03650","0.00100","0.00020","24"
"30.30000","0.00312","-0.03372","-0.00087","0.00019","24"
"30.30200","0.00656","-0.03268","-0.00182","0.00018","25"
"30.40200","-0.13000","-0.02263","0.03611","0.00012","25"
"30.50200","-0.32109","0.01502","0.08919","-0.00008","25"
"30.60200","-0.49438","-0.00275","0.13733","0.00002","25"
"30.70200","-0.66297","-0.19285","0.18416","0.00106","25"
"30.80200","-0.82984","-0.62461","0.23051","0.00345","25"
"30.90200","-0.99656","-1.50261","0.27682","0.00829","25"
"30.90600","-1.00312","-1.54666","0.27865","0.00854","25"
"30.90800","-1.00656","-1.56949","0.27960","0.00866","25"
"31.00800","-0.87000","-1.06432","0.24167","0.00587","25"
"31.10800","-0.67891","-0.07986","0.18859","0.00044","25"
"31.20800","-0.50547","0.02187","0.14041","-0.00012","25"
"31.30800","-0.33703","0.11081","0.09362","-0.00061","25"
"31.40800","-0.17016","0.04624","0.04727","-0.00026","25"
"31.50800","-0.00344","0.01249","0.00095","-0.00007","25"
"31.51200","0.00312","0.02060","-0.00087","-0.00011","25"
"31.51400","0.00656","0.02632","-0.00182","-0.00015","26"
"31.61400","-0.13000","0.05691","0.03611","-0.00031","26"
"31.71400","-0.32109","0.01631","0.08919","-0.00009","26"
"31.81400","-0.49453","0.00904","0.13737","-0.00005","26"
"31.91400","-0.66281","-0.11351","0.18411","0.00063","26"
"32.01400","-0.82984","-0.56729","0.23051","0.00313","26"
"32.11400","-0.99641","-1.57113","0.27678","0.00867","26"
"32.11800","-1.00328","-1.62392","0.27869","0.00896","26"
"32.12000","-1.00656","-1.65118","0.27960","0.00911","26"
"32.22000","-0.87000","-1.12074","0.24167","0.00619","26"
"32.32000","-0.67906","-0.15928","0.18863","0.00088","26"
"32.42000","-0.50547","-0.01873","0.14041","0.00010","26"
"32.52000","-0.33703","0.03177","0.09362","-0.00018","26"
"32.62000","-0.17016","0.00318","0.04727","-0.00002","26"
"32.72000","-0.00344","-0.03502","0.00095","0.00019","26"
"32.72400","0.00312","-0.03808","-0.00087","0.00021","26"
"32.72600","0.00656","-0.04133","-0.00182","0.00023","27"
"32.82600","-0.13000","-0.06960","0.03611","0.00038","27"
"32.92600","-0.32109","-0.06291","0.08919","0.00035","27"
"33.02600","-0.49438","-0.02873","0.13733","0.00016","27"
"33.12600","-0.66281","-0.19501","0.18411","0.00108","27"
"33.22600","-0.83000","-0.67165","0.23056","0.00371","27"
"33.32600","-0.99656","-1.64289","0.27682","0.00907","27"
"33.33000","-1.00312","-1.67758","0.27865","0.00926","27"
"33.33200","-1.00656","-1.69561","0.27960","0.00936","27"
"33.43200","-0.87000","-1.15545","0.24167","0.00638","27"
"33.53200","-0.67906","-0.19502","0.18863","0.00108","27"
"33.63200","-0.50547","-0.10512","0.14041","0.00058","27"
"33.73200","-0.33703","0.05799","0.09362","-0.00032","27"
"33.83200","-0.17016","0.02535","0.04727","-0.00014","27"
"33.93200","-0.00359","-0.02870","0.00100","0.00016","27"
"33.93600","0.00312","-0.02768","-0.00087","0.00015","27"
"33.93800","0.00641","-0.02707","-0.00178","0.00015","28"
"34.03800","-0.13000","-0.03077","0.03611","0.00017","28"
"34.13800","-0.32125","-0.02500","0.08924","0.00014","28"
"34.23800","-0.49453","-0.04063","0.13737","0.00022","28"
"34.33800","-0.66297","-0.11713","0.18416","0.00065","28"
"34.43800","-0.82984","-0.58040","0.23051","0.00320","28"
"34.53800","-0.99641","-1.62742","0.27678","0.00898","28"
"34.54200","-1.00328","-1.67647","0.27869","0.00925","28"
"34.54400","-1.00656","-1.70060","0.27960","0.00939","28"
"34.64400","-0.87000","-1.14572","0.24167","0.00632","28"
"34.74400","-0.67906","-0.08816","0.18863","0.00049","28"
"34.84400","-0.50547","-0.00750","0.14041","0.00004","28"
"34.94400","-0.33703","0.00343","0.09362","-0.00002","28"
"35.04400","-0.17016","-0.03975","0.04727","0.00022","28"
"35.14400","-0.00344","0.04753","0.00095","-0.00026","28"
"35.14800","0.00312","0.05605","-0.00087","-0.00031","28"
"35.15000","0.00641","0.05703","-0.00178","-0.00031","29"
"35.25000","-0.13000","0.01893","0.03611","-0.00010","29"
"35.35000","-0.32109","0.02669","0.08919","-0.00015","29"
"35.45000","-0.49453","0.03046","0.13737","-0.00017","29"
"35.55000","-0.66297","-0.06632","0.18416","0.00037","29"
"35.65000","-0.82984","-0.52579","0.23051","0.00290","29"
"35.75000","-0.99641","-1.55030","0.27678","0.00856","29"
"35.75400","-1.00328","-1.59975","0.27869","0.00883","29"
"35.75600","-1.00656","-1.62541","0.27960","0.00897","29"
"35.85600","-0.87000","-1.11460","0.24167","0.00615","29"
"35.95600","-0.67891","-0.14426","0.18859","0.00080","29"
"36.05600","-0.50547","0.01692","0.14041","-0.00009","29"
"36.15600","-0.33703","0.08848","0.09362","-0.00049","29"
"36.25600","-0.17016","0.04556","0.04727","-0.00025","29"
"36.35600","-0.00359","-0.01464","0.00100","0.00008","29"
"36.36000","0.00328","-0.01315","-0.00091","0.00007","29"
"36.36200","0.00656","-0.01125","-0.00182","0.00006","30"
"36.46200","-0.13000","0.00724","0.03611","-0.00004","30"
"36.56200","-0.32109","-0.01725","0.08919","0.00010","30"
"36.66200","-0.49438","-0.07865","0.13733","0.00043","30"
"36.76200","-0.66297","-0.18699","0.18416","0.00103","30"
"36.86200","-0.82984","-0.58074","0.23051","0.00321","30"
"36.96200","-0.99641","-1.62015","0.27678","0.00894","30"
"36.96600","-1.00312","-1.68309","0.27865","0.00929","30"
"36.96800","-1.00656","-1.71456","0.27960","0.00946","30"
"37.06800","-0.87016","-1.20560","0.24171","0.00665","30"
"37.16800","-0.67891","-0.17169","0.18859","0.00095","30"
"37.26800","-0.50547","0.01999","0.14041","-0.00011","30"
"37.36800","-0.33703","-0.04322","0.09362","0.00024","30"
"37.46800","-0.17016","-0.08421","0.04727","0.00046","30"
"37.56800","-0.00344","-0.08395","0.00095","0.00046","30"
"37.57200","0.00312","-0.08438","-0.00087","0.00047","30"
"37.57400","0.00656","-0.08649","-0.00182","0.00048","31"
"37.67400","-0.13000","-0.00402","0.03611","0.00002","31"
"37.77400","-0.32109","-0.02637","0.08919","0.00015","31"
"37.87400","-0.49453","-0.05296","0.13737","0.00029","31"
"37.97400","-0.66297","-0.11300","0.18416","0.00062","31"
"38.07400","-0.82984","-0.61825","0.23051","0.00341","31"
"38.17400","-0.99656","-1.63833","0.27682","0.00904","31"
"38.17800","-1.00312","-1.68624","0.27865","0.00931","31"
"38.18000","-1.00656","-1.71072","0.27960","0.00944","31"
"38.28000","-0.87016","-1.16192","0.24171","0.00641","31"
"38.38000","-0.67906","-0.11838","0.18863","0.00065","31"
"38.48000","-0.50547","0.03542","0.14041","-0.00020","31"
"38.58000","-0.33703","0.10931","0.09362","-0.00060","31"
"38.68000","-0.17016","0.04797","0.04727","-0.00026","31"
"38.78000","-0.00359","0.02014","0.00100","-0.00011","31"
"38.78400","0.00312","0.02901","-0.00087","-0.00016","31"
"38.78600","0.00656","0.03469","-0.00182","-0.00019","32"
"38.88600","-0.13000","0.08709","0.03611","-0.00048","32"
"38.98600","-0.32109","0.12769","0.08919","-0.00070","32"
"39.08600","-0.49438","0.03644","0.13733","-0.00020","32"
"39.18600","-0.66297","-0.08185","0.18416","0.00045","32"
"39.28600","-0.82984","-0.52171","0.23051","0.00288","32"
"39.38600","-0.99656","-1.42718","0.27682","0.00788","32"
"39.39000","-1.00312","-1.47020","0.27865","0.00811","32"
"39.39200","-1.00656","-1.49544","0.27960","0.00825","32"
"39.49200","-0.87016","-1.01344","0.24171","0.00559","32"
"39.59200","-0.67906","-0.03574","0.18863","0.00020","32"
"39.69200","-0.50547","0.11913","0.14041","-0.00066","32"
"39.79200","-0.33703","0.17134","0.09362","-0.00095","32"
"39.89200","-0.17016","0.07213","0.04727","-0.00040","32"
"39.99200","-0.00344","0.03600","0.00095","-0.00020","32"
"39.99600","0.00312","0.04376","-0.00087","-0.00024","32"
"39.99800","0.00656","0.04688","-0.00182","-0.00026","33"
"40.09800","-0.13000","0.03849","0.03611","-0.00021","33"
"40.19800","-0.32109","-0.00323","0.08919","0.00002","33"
"40.29800","-0.49438","-0.01088","0.13733","0.00006","33"
"40.39800","-0.66297","-0.11602","0.18416","0.00064","33"
"40.49800","-0.82984","-0.59660","0.23051","0.00329","33"
"40.59800","-0.99641","-1.63633","0.27678","0.00903","33"
"40.60200","-1.00328","-1.68480","0.27869","0.00930","33"
"40.60400","-1.00656","-1.70968","0.27960","0.00944","33"
"40.70400","-0.87016","-1.19803","0.24171","0.00661","33"
"40.80400","-0.67906","-0.14554","0.18863","0.00080","33"
"40.90400","-0.50547","0.02463","0.14041","-0.00014","33"
"41.00400","-0.33703","0.07915","0.09362","-0.00044","33"
"41.10400","-0.17016","-0.07860","0.04727","0.00043","33"
"41.20400","-0.00344","-0.14338","0.00095","0.00079","33"
"41.20800","0.00312","-0.14108","-0.00087","0.00078","33"
"41.21000","0.00656","-0.14010","-0.00182","0.00077","34"
"41.31000","-0.13000","-0.14159","0.03611","0.00078","34"
"41.41000","-0.32109","-0.07103","0.08919","0.00039","34"
"41.51000","-0.49438","-0.12808","0.13733","0.00071","34"
"41.61000","-0.66297","-0.27616","0.18416","0.00152","34"
"41.71000","-0.82984","-0.72744","0.23051","0.00402","34"
"41.81000","-0.99656","-1.62532","0.27682","0.00897","34"
"41.81400","-1.00312","-1.66014","0.27865","0.00916","34"
"41.81600","-1.00656","-1.67837","0.27960","0.00926","34"
"41.91600","-0.87016","-1.14486","0.24171","0.00632","34"
"42.01600","-0.67906","-0.24843","0.18863","0.00137","34"
"42.11600","-0.50547","-0.08179","0.14041","0.00045","34"
"42.21600","-0.33703","0.03893","0.09362","-0.00021","34"
"42.31600","-0.17016","-0.03436","0.04727","0.00019","34"
"42.41600","-0.00344","-0.03998","0.00095","0.00022","34"
"42.42000","0.00312","-0.03579","-0.00087","0.00020","34"
"42.42200","0.00656","-0.03136","-0.00182","0.00017","35"
"42.52200","-0.13000","0.00549","0.03611","-0.00003","35"
"42.62200","-0.32109","0.01201","0.08919","-0.00007","35"
"42.72200","-0.49438","0.03689","0.13733","-0.00020","35"
"42.82200","-0.66297","-0.09537","0.18416","0.00053","35"
"42.92200","-0.82984","-0.56897","0.23051","0.00314","35"
"43.02200","-0.99641","-1.58674","0.27678","0.00876","35"
"43.02600","-1.00312","-1.62688","0.27865","0.00898","35"
"43.02800","-1.00656","-1.64764","0.27960","0.00909","35"
"43.12800","-0.87016","-1.13976","0.24171","0.00629","35"
"43.22800","-0.67906","-0.06761","0.18863","0.00037","35"
"43.32800","-0.50547","0.02688","0.14041","-0.00015","35"
"43.42800","-0.33703","0.14273","0.09362","-0.00079","35"
"43.52800","-0.17016","0.07303","0.04727","-0.00040","35"
"43.62800","-0.00359","0.13297","0.00100","-0.00073","35"
"43.63200","0.00312","0.12435","-0.00087","-0.00069","35"
"43.63400","0.00656","0.11982","-0.00182","-0.00066","36"
"43.73400","-0.13000","0.03591","0.03611","-0.00020","36"
"43.83400","-0.32109","0.06860","0.08919","-0.00038","36"
"43.93400","-0.49438","0.06189","0.13733","-0.00034","36"
"44.03400","-0.66297","-0.00431","0.18416","0.00002","36"
"44.13400","-0.82984","-0.57499","0.23051","0.00317","36"
"44.23400","-0.99641","-1.60836","0.27678","0.00888","36"
"44.23800","-1.00328","-1.64952","0.27869","0.00910","36"
"44.24000","-1.00656","-1.67092","0.27960","0.00922","36"
"44.34000","-0.87016","-1.09294","0.24171","0.00603","36"
"44.44000","-0.67906","-0.14175","0.18863","0.00078","36"
"44.54000","-0.50547","-0.01285","0.14041","0.00007","36"
"44.64000","-0.33703","0.08397","0.09362","-0.00046","36"
"44.74000","-0.17016","0.01280","0.04727","-0.00007","36"
"44.84000","-0.00344","-0.02621","0.00095","0.00014","36"
"44.84400","0.00312","-0.02790","-0.00087","0.00015","36"
"44.84600","0.00656","-0.03000","-0.00182","0.00017","37"
"44.94600","-0.13000","-0.01602","0.03611","0.00009","37"
"45.04600","-0.32109","-0.05063","0.08919","0.00028","37"
"45.14600","-0.49438","-0.04635","0.13733","0.00026","37"
"45.24600","-0.66297","-0.14309","0.18416","0.00079","37"
"45.34600","-0.83000","-0.62230","0.23056","0.00343","37"
"45.44600","-0.99641","-1.67347","0.27678","0.00924","37"
"45.45000","-1.00312","-1.71528","0.27865","0.00947","37"
"45.45200","-1.00656","-1.73617","0.27960","0.00958","37"
"45.55200","-0.87016","-1.27111","0.24171","0.00702","37"
"45.65200","-0.67906","-0.16289","0.18863","0.00090","37"
"45.75200","-0.50547","-0.09398","0.14041","0.00052","37"
"45.85200","-0.33703","-0.02836","0.09362","0.00016","37"
"45.95200","-0.17016","-0.10107","0.04727","0.00056","37"
"46.05200","-0.00359","-0.03957","0.00100","0.00022","37"
"46.05600","0.00312","-0.04183","-0.00087","0.00023","37"
"46.05800","0.00656","-0.04450","-0.00182","0.00025","38"
"46.15800","-0.13000","-0.05184","0.03611","0.00029","38"
"46.25800","-0.32109","-0.07538","0.08919","0.00042","38"
"46.35800","-0.49438","0.00651","0.13733","-0.00004","38"
"46.45800","-0.66297","-0.11958","0.18416","0.00066","38"
"46.55800","-0.82984","-0.56319","0.23051","0.00311","38"
"46.65800","-0.99641","-1.63733","0.27678","0.00904","38"
"46.66200","-1.00328","-1.68786","0.27869","0.00932","38"
"46.66400","-1.00656","-1.71212","0.27960","0.00945","38"
"46.76400","-0.87016","-1.14762","0.24171","0.00633","38"
"46.86400","-0.67906","-0.11615","0.18863","0.00064","38"
"46.96400","-0.50547","-0.01837","0.14041","0.00010","38"
"47.06400","-0.33703","0.09558","0.09362","-0.00053","38"
"47.16400","-0.17016","0.04948","0.04727","-0.00027","38"
"47.26400","-0.00344","-0.04934","0.00095","0.00027","38"
"47.26800","0.00312","-0.04781","-0.00087","0.00026","38"
"47.27000","0.00656","-0.04608","-0.00182","0.00025","39"
"47.37000","-0.13000","-0.09030","0.03611","0.00050","39"
"47.47000","-0.32109","-0.11224","0.08919","0.00062","39"
"47.57000","-0.49438","-0.09114","0.13733","0.00050","39"
"47.67000","-0.66297","-0.17779","0.18416","0.00098","39"
"47.77000","-0.82984","-0.69471","0.23051","0.00383","39"
"47.87000","-0.99656","-1.65376","0.27682","0.00913","39"
"47.87400","-1.00312","-1.70441","0.27865","0.00941","39"
"47.87600","-1.00656","-1.72853","0.27960","0.00954","39"
"47.97600","-0.87016","-1.19891","0.24171","0.00662","39"
"48.07600","-0.67891","-0.17890","0.18859","0.00099","39"
"48.17600","-0.50547","-0.11683","0.14041","0.00064","39"
"48.27600","-0.33703","0.00987","0.09362","-0.00005","39"
"48.37600","-0.17016","-0.03139","0.04727","0.00017","39"
"48.47600","-0.00344","-0.09519","0.00095","0.00053","39"
"48.48000","0.00312","-0.10215","-0.00087","0.00056","39"
"48.48200","0.00656","-0.10487","-0.00182","0.00058","40"
"48.58200","-0.13000","0.00181","0.03611","-0.00001","40"
"48.68200","-0.32109","0.00059","0.08919","0.00000","40"
"48.78200","-0.49438","-0.00831","0.13733","0.00005","40"
"48.88200","-0.66297","-0.11714","0.18416","0.00065","40"
"48.98200","-0.82984","-0.57451","0.23051","0.00317","40"
"49.08200","-0.99641","-1.60761","0.27678","0.00887","40"
"49.08600","-1.00312","-1.65335","0.27865","0.00913","40"
"49.08800","-1.00656","-1.67584","0.27960","0.00925","40"
"49.18800","-0.87016","-1.16484","0.24171","0.00643","40"
"49.28800","-0.67891","-0.15042","0.18859","0.00083","40"
"49.38800","-0.50547","0.01966","0.14041","-0.00011","40"
"49.48800","-0.33703","0.05142","0.09362","-0.00028","40"
"49.58800","-0.17016","-0.05921","0.04727","0.00033","40"
"49.68800","-0.00359","-0.04114","0.00100","0.00023","40"
"49.69200","0.00312","-0.04729","-0.00087","0.00026","40"
"49.69400","0.00656","-0.04906","-0.00182","0.00027","41"
"49.79400","-0.13000","0.01158","0.03611","-0.00006","41"
"49.89400","-0.32109","0.05866","0.08919","-0.00032","41"
"49.99400","-0.49438","0.10839","0.13733","-0.00060","41"
"50.09400","-0.66297","-0.13557","0.18416","0.00075","41"
"50.19400","-0.82984","-0.65175","0.23051","0.00360","41"
"50.29400","-0.99641","-1.63739","0.27678","0.00904","41"
"50.29800","-1.00312","-1.66101","0.27865","0.00917","41"
"50.30000","-1.00656","-1.67328","0.27960","0.00924","41"
"50.40000","-0.87016","-1.07816","0.24171","0.00595","41"
"50.50000","-0.67906","-0.08438","0.18863","0.00047","41"
"50.60000","-0.50547","-0.08697","0.14041","0.00048","41"
"50.70000","-0.33703","0.04981","0.09362","-0.00027","41"
"50.80000","-0.17016","-0.04184","0.04727","0.00023","41"
"50.90000","-0.00344","-0.04119","0.00095","0.00023","41"
"50.90400","0.00312","-0.04387","-0.00087","0.00024","41"
"50.90600","0.00656","-0.04603","-0.00182","0.00025","42"
"51.00600","-0.13000","-0.04151","0.03611","0.00023","42"
"51.10600","-0.32109","-0.07794","0.08919","0.00043","42"
"51.20600","-0.49422","-0.00097","0.13728","0.00001","42"
"51.30600","-0.66297","-0.14037","0.18416","0.00077","42"
"51.40600","-0.82984","-0.59935","0.23051","0.00331","42"
"51.50600","-0.99641","-1.64760","0.27678","0.00909","42"
"51.51000","-1.00312","-1.68695","0.27865","0.00931","42"
"51.51200","-1.00656","-1.70457","0.27960","0.00941","42"
"51.61200","-0.87016","-1.13143","0.24171","0.00625","42"
"51.71200","-0.67906","-0.22039","0.18863","0.00122","42"
"51.81200","-0.50547","-0.05053","0.14041","0.00028","42"
"51.91200","-0.33703","-0.01469","0.09362","0.00008","42"
"52.01200","-0.17016","-0.04780","0.04727","0.00026","42"
"52.11200","-0.00344","-0.12099","0.00095","0.00067","42"
"52.11600","0.00312","-0.11347","-0.00087","0.00063","42"
"52.11800","0.00656","-0.10704","-0.00182","0.00059","43"
"52.21800","-0.12984","-0.00703","0.03607","0.00004","43"
"52.31800","-0.32109","-0.03779","0.08919","0.00021","43"
"52.41800","-0.49438","-0.07885","0.13733","0.00044","43"
"52.51800","-0.66297","-0.18216","0.18416","0.00101","43"
"52.61800","-0.82984","-0.62142","0.23051","0.00343","43"
"52.71800","-0.99641","-1.59255","0.27678","0.00879","43"
"52.72200","-1.00312","-1.64669","0.27865","0.00909","43"
"52.72400","-1.00656","-1.67649","0.27960","0.00925","43"
"52.82400","-0.87016","-1.05172","0.24171","0.00581","43"
"52.92400","-0.67906","-0.10601","0.18863","0.00059","43"
"53.02400","-0.50547","0.00976","0.14041","-0.00005","43"
"53.12400","-0.33703","0.10242","0.09362","-0.00057","43"
"53.22400","-0.17016","0.03255","0.04727","-0.00018","43"
"53.32400","-0.00359","0.02432","0.00100","-0.00013","43"
"53.32800","0.00312","0.02819","-0.00087","-0.00016","43"
"53.33000","0.00656","0.03349","-0.00182","-0.00018","44"
"53.43000","-0.13000","0.05979","0.03611","-0.00033","44"
"53.53000","-0.32109","0.03687","0.08919","-0.00020","44"
"53.63000","-0.49438","-0.01390","0.13733","0.00008","44"
"53.73000","-0.66313","-0.12721","0.18420","0.00070","44"
"53.83000","-0.83000","-0.44493","0.23056","0.00246","44"
"53.93000","-0.99641","-1.46165","0.27678","0.00807","44"
"53.93400","-1.00312","-1.50611","0.27865","0.00831","44"
"53.93600","-1.00656","-1.52831","0.27960","0.00844","44"
"54.03600","-0.87016","-1.03254","0.24171","0.00570","44"
"54.13600","-0.67906","-0.02397","0.18863","0.00013","44"
"54.23600","-0.50547","0.07922","0.14041","-0.00044","44"
"54.33600","-0.33703","0.17991","0.09362","-0.00099","44"
"54.43600","-0.17016","0.05170","0.04727","-0.00029","44"
"54.53600","-0.00359","0.06653","0.00100","-0.00037","44"
"54.54000","0.00312","0.07737","-0.00087","-0.00043","44"
"54.54200","0.00656","0.08182","-0.00182","-0.00045","45"
"54.64200","-0.13000","-0.00157","0.03611","0.00001","45"
"54.74200","-0.32109","-0.05077","0.08919","0.00028","45"
"54.84200","-0.49438","0.02609","0.13733","-0.00014","45"
"54.94200","-0.66297","-0.09347","0.18416","0.00052","45"
"55.04200","-0.83000","-0.57778","0.23056","0.00319","45"
"55.14200","-0.99641","-1.64100","0.27678","0.00906","45"
"55.14600","-1.00312","-1.68722","0.27865","0.00931","45"
"55.14800","-1.00656","-1.71030","0.27960","0.00944","45"
"55.24800","-0.87016","-1.20967","0.24171","0.00668","45"
"55.34800","-0.67891","-0.19182","0.18859","0.00106","45"
"55.44800","-0.50547","-0.09748","0.14041","0.00054","45"
"55.54800","-0.33719","-0.00725","0.09366","0.00004","45"
"55.64800","-0.17016","-0.09590","0.04727","0.00053","45"
"55.74800","-0.00359","-0.11211","0.00100","0.00062","45"
"55.75200","0.00312","-0.09976","-0.00087","0.00055","45"
"55.75400","0.00641","-0.09270","-0.00178","0.00051","46"
"55.85400","-0.12984","-0.01227","0.03607","0.00007","46"
"55.95400","-0.32109","0.05720","0.08919","-0.00032","46"
"56.05400","-0.49438","-0.03837","0.13733","0.00021","46"
"56.15400","-0.66297","-0.22065","0.18416","0.00122","46"
"56.25400","-0.83000","-0.61611","0.23056","0.00340","46"
"56.35400","-0.99641","-1.52540","0.27678","0.00842","46"
"56.35800","-1.00312","-1.58100","0.27865","0.00873","46"
"56.36000","-1.00656","-1.61203","0.27960","0.00890","46"
"56.46000","-0.87016","-1.15079","0.24171","0.00635","46"
"56.56000","-0.67891","-0.20713","0.18859","0.00114","46"
"56.66000","-0.50547","-0.09427","0.14041","0.00052","46"
"56.76000","-0.33703","0.08992","0.09362","-0.00050","46"
"56.86000","-0.17016","0.03074","0.04727","-0.00017","46"
"56.96000","-0.00359","-0.02676","0.00100","0.00015","46"
"56.96400","0.00312","-0.01237","-0.00087","0.00007","46"
"56.96600","0.00641","-0.00638","-0.00178","0.00004","47"
"57.06600","-0.12984","0.01977","0.03607","-0.00011","47"
"57.16600","-0.32109","-0.02236","0.08919","0.00012","47"
"57.26600","-0.49438","-0.00455","0.13733","0.00003","47"
"57.36600","-0.66297","-0.08019","0.18416","0.00044","47"
"57.46600","-0.83000","-0.55335","0.23056","0.00305","47"
"57.56600","-0.99641","-1.56903","0.27678","0.00866","47"
"57.57000","-1.00312","-1.61783","0.27865","0.00893","47"
"57.57200","-1.00641","-1.64091","0.27956","0.00906","47"
"57.67200","-0.87016","-1.06885","0.24171","0.00590","47"
"57.77200","-0.67906","-0.03953","0.18863","0.00022","47"
"57.87200","-0.50563","0.07799","0.14045","-0.00043","47"
"57.97200","-0.33703","0.12072","0.09362","-0.00067","47"
"58.07200","-0.17016","0.00119","0.04727","-0.00001","47"
"58.17200","-0.00359","0.10265","0.00100","-0.00057","47"
"58.17600","0.00312","0.10143","-0.00087","-0.00056","47"
"58.17800","0.00641","0.10186","-0.00178","-0.00056","48"
"58.27800","-0.12984","-0.02336","0.03607","0.00013","48"
"58.37800","-0.32109","-0.01096","0.08919","0.00006","48"
"58.47800","-0.49453","0.01308","0.13737","-0.00007","48"
"58.57800","-0.66297","-0.03984","0.18416","0.00022","48"
"58.67800","-0.82984","-0.56776","0.23051","0.00313","48"
"58.77800","-0.99656","-1.60267","0.27682","0.00885","48"
"58.78200","-1.00312","-1.64488","0.27865","0.00908","48"
"58.78400","-1.00656","-1.66669","0.27960","0.00920","48"
"58.88400","-0.87016","-1.14576","0.24171","0.00632","48"
"58.98400","-0.67906","-0.15129","0.18863","0.00084","48"
"59.08400","-0.50547","-0.09336","0.14041","0.00052","48"
"59.18400","-0.33703","0.10157","0.09362","-0.00056","48"
"59.28400","-0.17016","-0.00406","0.04727","0.00002","48"
"59.38400","-0.00359","-0.03061","0.00100","0.00017","48"
"59.38800","0.00297","-0.02938","-0.00082","0.00016","48"
"59.39000","0.00641","-0.02908","-0.00178","0.00016","49"
"59.49000","-0.12984","-0.02522","0.03607","0.00014","49"
"59.59000","-0.32109","-0.03617","0.08919","0.00020","49"
"59.69000","-0.49453","-0.08773","0.13737","0.00048","49"
"59.79000","-0.66281","-0.15681","0.18411","0.00087","49"
"59.89000","-0.82984","-0.68486","0.23051","0.00378","49"
"59.99000","-0.99641","-1.67277","0.27678","0.00923","49"
"59.99400","-1.00328","-1.72512","0.27869","0.00952","49"
"59.99600","-1.00656","-1.75289","0.27960","0.00968","49"
"60.09600","-0.87016","-1.22120","0.24171","0.00674","49"
"60.19600","-0.67906","-0.19656","0.18863","0.00108","49"
"60.29600","-0.50547","-0.09827","0.14041","0.00054","49"
"60.39600","-0.33703","0.01087","0.09362","-0.00006","49"
"60.49600","-0.17016","-0.05756","0.04727","0.00032","49"
"60.59600","-0.00359","-0.01156","0.00100","0.00006","49"
"60.60000","0.00312","0.00106","-0.00087","-0.00001","49"
"60.60200","0.00641","0.00457","-0.00178","-0.00003","50"
"60.70200","-0.12984","-0.07888","0.03607","0.00044","50"
"60.80200","-0.32109","-0.07070","0.08919","0.00039","50"
"60.90200","-0.49453","-0.04775","0.13737","0.00026","50"
"61.00200","-0.66281","-0.07317","0.18411","0.00040","50"
"61.10200","-0.82984","-0.54920","0.23051","0.00303","50"
"61.20200","-0.99641","-1.57492","0.27678","0.00869","50"
"61.20600","-1.00312","-1.63548","0.27865","0.00903","50"
"61.20800","-1.00656","-1.66563","0.27960","0.00919","50"
"61.30800","-0.87016","-1.10474","0.24171","0.00610","50"
"61.40800","-0.67906","-0.08515","0.18863","0.00047","50"
"61.50800","-0.50547","0.08809","0.14041","-0.00049","50"
"61.60800","-0.33703","0.13551","0.09362","-0.00075","50"
"61.70800","-0.17016","0.06601","0.04727","-0.00036","50"
"61.80800","-0.00359","0.04021","0.00100","-0.00022","50"
"61.81200","0.00297","0.03845","-0.00082","-0.00021","50"
"61.81400","0.00641","0.03738","-0.00178","-0.00021","51"
"61.91400","-0.12984","0.03204","0.03607","-0.00018","51"
"62.01400","-0.32109","-0.01577","0.08919","0.00009","51"
"62.11400","-0.49438","0.04486","0.13733","-0.00025","51"
"62.21400","-0.66281","-0.13974","0.18411","0.00077","51"
"62.31400","-0.82984","-0.60154","0.23051","0.00332","51"
"62.41400","-0.99641","-1.62863","0.27678","0.00899","51"
"62.41800","-1.00312","-1.68952","0.27865","0.00933","51"
"62.42000","-1.00656","-1.72032","0.27960","0.00950","51"
"62.52000","-0.87016","-1.18969","0.24171","0.00657","51"
"62.62000","-0.67906","-0.13462","0.18863","0.00074","51"
"62.72000","-0.50547","0.07482","0.14041","-0.00041","51"
"62.82000","-0.33703","0.17173","0.09362","-0.00095","51"
"62.92000","-0.17016","-0.06201","0.04727","0.00034","51"
"63.02000","-0.00359","0.04967","0.00100","-0.00027","51"
"63.02400","0.00297","0.05337","-0.00082","-0.00029","51"
"63.02600","0.00641","0.05441","-0.00178","-0.00030","52"
"63.12600","-0.12984","0.08341","0.03607","-0.00046","52"
"63.22600","-0.32109","-0.01422","0.08919","0.00008","52"
"63.32600","-0.49453","0.00770","0.13737","-0.00004","52"
"63.42600","-0.66297","-0.09794","0.18416","0.00054","52"
"63.52600","-0.82984","-0.47331","0.23051","0.00261","52"
"63.62600","-0.99641","-1.61096","0.27678","0.00889","52"
"63.63000","-1.00312","-1.65592","0.27865","0.00914","52"
"63.63200","-1.00656","-1.68079","0.27960","0.00928","52"
"63.73200","-0.87016","-1.12211","0.24171","0.00619","52"
"63.83200","-0.67906","-0.12250","0.18863","0.00068","52"
"63.93200","-0.50547","-0.02807","0.14041","0.00015","52"
"64.03200","-0.33703","0.07135","0.09362","-0.00039","52"
"64.13200","-0.17016","-0.03989","0.04727","0.00022","52"
"64.23200","-0.00359","-0.04114","0.00100","0.00023","52"
"64.23600","0.00297","-0.04149","-0.00082","0.00023","52"
"64.23801","0.00641","-0.04111","-0.00178","0.00023","53"
"64.33800","-0.12984","-0.09515","0.03607","0.00053","53"
"64.43800","-0.32109","-0.01202","0.08919","0.00007","53"
"64.53800","-0.49453","-0.03726","0.13737","0.00021","53"
"64.63800","-0.66281","-0.16902","0.18411","0.00093","53"
"64.73801","-0.82984","-0.57105","0.23051","0.00315","53"
"64.83800","-0.99641","-1.57423","0.27678","0.00869","53"
"64.84200","-1.00312","-1.62269","0.27865","0.00896","53"
"64.84400","-1.00656","-1.64809","0.27960","0.00910","53"
"64.94400","-0.87016","-1.13871","0.24171","0.00629","53"
"65.04401","-0.67906","-0.10542","0.18863","0.00058","53"
"65.14400","-0.50547","-0.03962","0.14041","0.00022","53"
"65.24400","-0.33703","0.05818","0.09362","-0.00032","53"
"65.34400","-0.17016","-0.01085","0.04727","0.00006","53"
"65.44400","-0.00359","-0.05919","0.00100","0.00033","53"
"65.44800","0.00297","-0.05307","-0.00082","0.00029","53"
"65.45000","0.00641","-0.05066","-0.00178","0.00028","54"
"65.55000","-0.12984","-0.05841","0.03607","0.00032","54"
"65.65000","-0.32109","-0.09196","0.08919","0.00051","54"
"65.75000","-0.49438","-0.01864","0.13733","0.00010","54"
"65.85001","-0.66281","-0.12786","0.18411","0.00071","54"
"65.95001","-0.82984","-0.58747","0.23051","0.00324","54"
"66.05000","-0.99641","-1.57778","0.27678","0.00871","54"
"66.05400","-1.00312","-1.62263","0.27865","0.00896","54"
"66.05600","-1.00656","-1.64574","0.27960","0.00908","54"
"66.15601","-0.87016","-1.18285","0.24171","0.00653","54"
"66.25601","-0.67906","-0.09153","0.18863","0.00051","54"
"66.35600","-0.50547","-0.00998","0.14041","0.00006","54"
"66.45600","-0.33703","0.05915","0.09362","-0.00033","54"
"66.55600","-0.17016","-0.00510","0.04727","0.00003","54"
"66.65601","-0.00359","0.00780","0.00100","-0.00004","54"
"66.66000","0.00312","0.01329","-0.00087","-0.00007","54"
"66.66200","0.00641","0.01635","-0.00178","-0.00009","55"
"66.76200","-0.12984","0.06798","0.03607","-0.00038","55"
"66.86200","-0.32109","0.17826","0.08919","-0.00098","55"
"66.96201","-0.49453","0.10495","0.13737","-0.00058","55"
"67.06201","-0.66281","-0.08404","0.18411","0.00046","55"
"67.16200","-0.82984","-0.50559","0.23051","0.00279","55"
"67.26200","-0.99641","-1.55526","0.27678","0.00858","55"
"67.26601","-1.00328","-1.61368","0.27869","0.00891","55"
"67.26801","-1.00656","-1.63880","0.27960","0.00905","55"
"67.36800","-0.87016","-1.11701","0.24171","0.00617","55"
"67.46800","-0.67906","-0.04692","0.18863","0.00026","55"
"67.56800","-0.50547","0.01998","0.14041","-0.00011","55"
"67.66801","-0.33703","0.15875","0.09362","-0.00088","55"
"67.76801","-0.17016","0.10347","0.04727","-0.00057","55"
"67.86800","-0.00359","0.05793","0.00100","-0.00032","55"
"67.87200","0.00297","0.05533","-0.00082","-0.00031","55"
"67.87400","0.00641","0.05237","-0.00178","-0.00029","56"
"67.97401","-0.12984","0.04928","0.03607","-0.00027","56"
"68.07401","-0.32109","0.03331","0.08919","-0.00018","56"
"68.17400","-0.49453","0.01506","0.13737","-0.00008","56"
"68.27400","-0.66297","-0.11191","0.18416","0.00062","56"
"68.37400","-0.82984","-0.63862","0.23051","0.00352","56"
"68.47401","-0.99641","-1.58008","0.27678","0.00872","56"
"68.47801","-1.00312","-1.63066","0.27865","0.00900","56"
"68.48000","-1.00656","-1.65555","0.27960","0.00914","56"
"68.58000","-0.87016","-1.23238","0.24171","0.00680","56"
"68.68000","-0.67906","-0.10037","0.18863","0.00055","56"
"68.78001","-0.50547","-0.08544","0.14041","0.00047","56"
"68.88001","-0.33703","0.00741","0.09362","-0.00004","56"
"68.98000","-0.17016","-0.04152","0.04727","0.00023","56"
"69.08000","-0.00359","-0.07134","0.00100","0.00039","56"
"69.08400","0.00297","-0.06616","-0.00082","0.00037","56"
"69.08601","0.00641","-0.06216","-0.00178","0.00034","57"
"69.18601","-0.12984","-0.06063","0.03607","0.00033","57"
"69.28600","-0.32109","-0.06072","0.08919","0.00034","57"
"69.38600","-0.49453","-0.06468","0.13737","0.00036","57"
"69.48600","-0.66281","-0.10050","0.18411","0.00055","57"
"69.58601","-0.82984","-0.62904","0.23051","0.00347","57"
"69.68601","-0.99641","-1.62956","0.27678","0.00899","57"
"69.69000","-1.00312","-1.67686","0.27865","0.00926","57"
"69.69200","-1.00656","-1.70220","0.27960","0.00940","57"
"69.79200","-0.87016","-1.16094","0.24171","0.00641","57"
"69.89201","-0.67906","-0.14551","0.18863","0.00080","57"
"69.99201","-0.50547","-0.08697","0.14041","0.00048","57"
"70.09200","-0.33703","0.08080","0.09362","-0.00045","57"
"70.19200","-0.17016","0.00238","0.04727","-0.00001","57"
"70.29200","-0.00359","0.01593","0.00100","-0.00009","57"
"70.29601","0.00312","0.02199","-0.00087","-0.00012","57"
"70.29801","0.00641","0.02335","-0.00178","-0.00013","58"
"70.39800","-0.12984","-0.06743","0.03607","0.00037","58"
"70.49800","-0.32109","0.07983","0.08919","-0.00044","58"
"70.59800","-0.49438","-0.03615","0.13733","0.00020","58"
"70.69801","-0.66297","-0.10614","0.18416","0.00059","58"
"70.79801","-0.82984","-0.56714","0.23051","0.00313","58"
"70.89800","-0.99656","-1.62962","0.27682","0.00899","58"
"70.90200","-1.00328","-1.69460","0.27869","0.00935","58"
"70.90401","-1.00656","-1.72982","0.27960","0.00955","58"
"71.00401","-0.87016","-1.14728","0.24171","0.00633","58"
"71.10400","-0.67906","-0.14079","0.18863","0.00078","58"
"71.20400","-0.50547","0.22056","0.14041","-0.00122","58"
"71.30400","-0.33719","0.13426","0.09366","-0.00074","58"
"71.40401","-0.17016","0.08178","0.04727","-0.00045","58"
"71.50401","-0.00359","0.02540","0.00100","-0.00014","58"
"71.50800","0.00297","0.03301","-0.00082","-0.00018","58"
"71.51000","0.00641","0.03763","-0.00178","-0.00021","59"
"71.61000","-0.12984","0.04473","0.03607","-0.00025","59"
"71.71001","-0.32109","0.02525","0.08919","-0.00014","59"
"71.81001","-0.49453","0.11198","0.13737","-0.00062","59"
"71.91000","-0.66281","-0.00635","0.18411","0.00004","59"
"72.01000","-0.82984","-0.51783","0.23051","0.00286","59"
"72.11000","-0.99641","-1.63201","0.27678","0.00901","59"
"72.11401","-1.00312","-1.68496","0.27865","0.00930","59"
"72.11601","-1.00656","-1.71163","0.27960","0.00945","59"
"72.21600","-0.87016","-1.14289","0.24171","0.00631","59"
"72.31600","-0.67891","-0.18510","0.18859","0.00102","59"
"72.41600","-0.50547","-0.03691","0.14041","0.00020","59"
"72.51601","-0.33719","0.08237","0.09366","-0.00045","59"
"72.61601","-0.17000","0.02375","0.04722","-0.00013","59"
"72.71600","-0.00359","0.02344","0.00100","-0.00013","59"
"72.72000","0.00297","0.02414","-0.00082","-0.00013","59"
"72.72200","0.00641","0.02384","-0.00178","-0.00013","60"
"72.82201","-0.12984","0.02845","0.03607","-0.00016","60"
"72.92201","-0.32109","0.04878","0.08919","-0.00027","60"
"73.02200","-0.49453","0.01324","0.13737","-0.00007","60"
"73.12200","-0.66281","0.00602","0.18411","-0.00003","60"
"73.22200","-0.82984","-0.38665","0.23051","0.00213","60"
"73.32201","-0.99656","-1.44355","0.27682","0.00797","60"
"73.32601","-1.00312","-1.51593","0.27865","0.00837","60"
"73.32800","-1.00656","-1.55335","0.27960","0.00857","60"
"73.42800","-0.87016","-1.24902","0.24171","0.00689","60"
"73.52800","-0.67906","-0.09187","0.18863","0.00051","60"
"73.62801","-0.50547","0.08903","0.14041","-0.00049","60"
"73.72801","-0.33703","0.08062","0.09362","-0.00044","60"
"73.82800","-0.17016","0.05268","0.04727","-0.00029","60"
"73.92800","-0.00359","0.00477","0.00100","-0.00003","60"
"73.93201","0.00297","0.01764","-0.00082","-0.00010","60"
"73.93401","0.00641","0.02263","-0.00178","-0.00012","61"
"74.03401","-0.12984","-0.01218","0.03607","0.00007","61"
"74.13400","-0.32109","-0.01557","0.08919","0.00009","61"
"74.23400","-0.49453","-0.07137","0.13737","0.00039","61"
"74.33401","-0.66281","-0.16913","0.18411","0.00093","61"
"74.43401","-0.82984","-0.59722","0.23051","0.00330","61"
"74.53401","-0.99656","-1.55496","0.27682","0.00858","61"
"74.53800","-1.00328","-1.61248","0.27869","0.00890","61"
"74.54000","-1.00656","-1.64162","0.27960","0.00906","61"
"74.64001","-0.87016","-1.09658","0.24171","0.00605","61"
"74.74001","-0.67906","-0.06888","0.18863","0.00038","61"
"74.84001","-0.50547","0.07096","0.14041","-0.00039","61"
"74.94000","-0.33703","0.05143","0.09362","-0.00028","61"
"75.04000","-0.17016","0.05050","0.04727","-0.00028","61"
"75.14001","-0.00359","0.01651","0.00100","-0.00009","61"
"75.14401","0.00312","0.02844","-0.00087","-0.00016","61"
"75.14600","0.00641","0.03410","-0.00178","-0.00019","62"
"75.24600","-0.12984","0.03500","0.03607","-0.00019","62"
"75.34600","-0.32109","0.05028","0.08919","-0.00028","62"
"75.44601","-0.49453","0.08384","0.13737","-0.00046","62"
"75.54601","-0.66281","-0.01861","0.18411","0.00010","62"
"75.64600","-0.82984","-0.38154","0.23051","0.00211","62"
"75.74600","-0.99641","-1.54321","0.27678","0.00852","62"
"75.75000","-1.00328","-1.59108","0.27869","0.00878","62"
"75.75201","-1.00656","-1.61473","0.27960","0.00891","62"
"75.85201","-0.87016","-1.10564","0.24171","0.00610","62"
"75.95200","-0.67906","-0.19535","0.18863","0.00108","62"
"76.05200","-0.50547","-0.06222","0.14041","0.00034","62"
"76.15200","-0.33703","0.05948","0.09362","-0.00033","62"
"76.25201","-0.17016","-0.04459","0.04727","0.00025","62"
"76.35201","-0.00359","-0.01509","0.00100","0.00008","62"
"76.35600","0.00312","-0.01290","-0.00087","0.00007","62"
"76.35800","0.00641","-0.01121","-0.00178","0.00006","63"
"76.45800","-0.12984","0.00431","0.03607","-0.00002","63"
"76.55801","-0.32109","0.02225","0.08919","-0.00012","63"
"76.65801","-0.49438","0.02937","0.13733","-0.00016","63"
"76.75800","-0.66281","-0.06832","0.18411","0.00038","63"
"76.85800","-0.82984","-0.58600","0.23051","0.00323","63"
"76.95800","-0.99641","-1.66436","0.27678","0.00919","63"
"76.96201","-1.00328","-1.72675","0.27869","0.00953","63"
"76.96401","-1.00656","-1.75480","0.27960","0.00969","63"
"77.06400","-0.87016","-1.15126","0.24171","0.00635","63"
"77.16400","-0.67906","-0.16382","0.18863","0.00090","63"
"77.26400","-0.50547","-0.06889","0.14041","0.00038","63"
"77.36401","-0.33703","0.00683","0.09362","-0.00004","63"
"77.46401","-0.17016","0.02189","0.04727","-0.00012","63"
"77.56400","-0.00359","-0.02452","0.00100","0.00014","63"
"77.56800","0.00297","-0.02749","-0.00082","0.00015","63"
"77.57001","0.00641","-0.02950","-0.00178","0.00016","64"
"77.67001","-0.12984","-0.03196","0.03607","0.00018","64"
"77.77001","-0.32109","-0.10430","0.08919","0.00058","64"
"77.87000","-0.49438","-0.00572","0.13733","0.00003","64"
"77.97000","-0.66281","-0.15521","0.18411","0.00086","64"
"78.07001","-0.82984","-0.68024","0.23051","0.00375","64"
"78.17001","-0.99656","-1.60226","0.27682","0.00884","64"
"78.17400","-1.00328","-1.64419","0.27869","0.00908","64"
"78.17600","-1.00656","-1.66530","0.27960","0.00919","64"
"78.27600","-0.87016","-1.06655","0.24171","0.00589","64"
"78.37601","-0.67906","-0.06129","0.18863","0.00034","64"
"78.47601","-0.50547","0.05116","0.14041","-0.00028","64"
"78.57601","-0.33703","0.10091","0.09362","-0.00056","64"
"78.67600","-0.17016","0.03852","0.04727","-0.00021","64"
"78.77600","-0.00359","0.04902","0.00100","-0.00027","64"
"78.78001","0.00312","0.05014","-0.00087","-0.00028","64"
"78.78201","0.00641","0.05233","-0.00178","-0.00029","65"
"78.88200","-0.12984","0.10926","0.03607","-0.00060","65"
"78.98200","-0.32109","0.05065","0.08919","-0.00028","65"
"79.08200","-0.49453","0.08837","0.13737","-0.00049","65"
"79.18201","-0.66281","-0.18153","0.18411","0.00100","65"
"79.28201","-0.82969","-0.61541","0.23047","0.00340","65"
"79.38200","-0.99656","-1.63226","0.27682","0.00901","65"
"79.38600","-1.00328","-1.69297","0.27869","0.00934","65"
"79.38800","-1.00656","-1.72473","0.27960","0.00952","65"
"79.48801","-0.87016","-1.28913","0.24171","0.00712","65"
"79.58801","-0.67906","-0.20068","0.18863","0.00111","65"
"79.68800","-0.50547","0.01652","0.14041","-0.00009","65"
"79.78800","-0.33703","0.08240","0.09362","-0.00045","65"
"79.88800","-0.17016","0.00600","0.04727","-0.00003","65"
"79.98801","-0.00359","0.06640","0.00100","-0.00037","65"
"79.99201","0.00297","0.06114","-0.00082","-0.00034","65"
"79.99400","0.00641","0.05631","-0.00178","-0.00031","66"
"80.09400","-0.12984","-0.03216","0.03607","0.00018","66"
"80.19400","-0.32109","-0.04338","0.08919","0.00024","66"
"80.29401","-0.49438","-0.02258","0.13733","0.00012","66"
"80.39401","-0.66281","-0.12889","0.18411","0.00071","66"
"80.49400","-0.82984","-0.60901","0.23051","0.00336","66"
"80.59400","-0.99656","-1.61258","0.27682","0.00890","66"
"80.59801","-1.00328","-1.65278","0.27869","0.00912","66"
"80.60001","-1.00656","-1.67362","0.27960","0.00924","66"
"80.70001","-0.87016","-1.13271","0.24171","0.00625","66"
"80.80000","-0.67891","-0.18045","0.18859","0.00100","66"
"80.90000","-0.50547","-0.10221","0.14041","0.00056","66"
"81.00001","-0.33703","0.02132","0.09362","-0.00012","66"
"81.10001","-0.17016","-0.06210","0.04727","0.00034","66"
"81.20001","-0.00359","-0.05836","0.00100","0.00032","66"
"81.20400","0.00297","-0.06191","-0.00082","0.00034","66"
"81.20600","0.00641","-0.06381","-0.00178","0.00035","67"
"81.30601","-0.12984","-0.05927","0.03607","0.00033","67"
"81.40601","-0.32109","-0.09598","0.08919","0.00053","67"
"81.50601","-0.49453","-0.13614","0.13737","0.00075","67"
"81.60600","-0.66281","-0.15560","0.18411","0.00086","67"
"81.70600","-0.82984","-0.63657","0.23051","0.00351","67"
"81.80601","-0.99656","-1.65094","0.27682","0.00911","67"
"81.81001","-1.00328","-1.69600","0.27869","0.00936","67"
"81.81201","-1.00656","-1.72118","0.27960","0.00950","67"
"81.91200","-0.87016","-1.12022","0.24171","0.00618","67"
"82.01200","-0.67906","-0.14452","0.18863","0.00080","67"
"82.11201","-0.50547","-0.04631","0.14041","0.00026","67"
"82.21201","-0.33703","0.02381","0.09362","-0.00013","67"
"82.31201","-0.17016","-0.05519","0.04727","0.00030","67"
"82.41200","-0.00359","0.00249","0.00100","-0.00001","67"
"82.41600","0.00297","0.01112","-0.00082","-0.00006","67"
"82.41801","0.00641","0.01587","-0.00178","-0.00009","68"
"82.51801","-0.12984","-0.01839","0.03607","0.00010","68"
"82.61800","-0.32109","0.04003","0.08919","-0.00022","68"
"82.71800","-0.49453","-0.02009","0.13737","0.00011","68"
"82.81800","-0.66281","-0.10790","0.18411","0.00060","68"
"82.91801","-0.82984","-0.57713","0.23051","0.00319","68"
"83.01801","-0.99656","-1.53091","0.27682","0.00845","68"
"83.02200","-1.00328","-1.57961","0.27869","0.00872","68"
"83.02400","-1.00656","-1.60488","0.27960","0.00886","68"
"83.12400","-0.87016","-1.13475","0.24171","0.00626","68"
"83.22401","-0.67906","-0.07581","0.18863","0.00042","68"
"83.32401","-0.50547","0.05511","0.14041","-0.00030","68"
"83.42400","-0.33703","0.14087","0.09362","-0.00078","68"
"83.52400","-0.17016","0.09970","0.04727","-0.00055","68"
"83.62400","-0.00359","0.01252","0.00100","-0.00007","68"
"83.62801","0.00297","0.01082","-0.00082","-0.00006","68"
"83.63001","0.00641","0.01211","-0.00178","-0.00007","69"
"83.73000","-0.12984","-0.00671","0.03607","0.00004","69"
"83.83000","-0.32109","0.02422","0.08919","-0.00013","69"
"83.93000","-0.49453","0.07620","0.13737","-0.00042","69"
"84.03001","-0.66281","-0.07125","0.18411","0.00039","69"
"84.13001","-0.82984","-0.48869","0.23051","0.00270","69"
"84.23000","-0.99656","-1.60509","0.27682","0.00886","69"
"84.23400","-1.00328","-1.65110","0.27869","0.00911","69"
"84.23601","-1.00656","-1.67406","0.27960","0.00924","69"
"84.33601","-0.87016","-1.12289","0.24171","0.00620","69"
"84.43601","-0.67906","-0.09923","0.18863","0.00055","69"
"84.53600","-0.50547","-0.01924","0.14041","0.00011","69"
"84.63600","-0.33703","0.05775","0.09362","-0.00032","69"
"84.73601","-0.17016","-0.01650","0.04727","0.00009","69"
"84.83601","-0.00359","-0.05009","0.00100","0.00028","69"
"84.84001","0.00312","-0.04610","-0.00087","0.00025","69"
"84.84200","0.00641","-0.04356","-0.00178","0.00024","70"
"84.94200","-0.12984","-0.00673","0.03607","0.00004","70"
"85.04201","-0.32109","-0.08783","0.08919","0.00048","70"
"85.14201","-0.49453","-0.05496","0.13737","0.00030","70"
"85.24201","-0.66281","-0.13452","0.18411","0.00074","70"
"85.34200","-0.82984","-0.57295","0.23051","0.00316","70"
"85.44200","-0.99656","-1.64397","0.27682","0.00907","70"
"85.44601","-1.00328","-1.69295","0.27869","0.00934","70"
"85.44801","-1.00656","-1.71799","0.27960","0.00948","70"
"85.54801","-0.87016","-1.15379","0.24171","0.00637","70"
"85.64800","-0.67906","-0.14423","0.18863","0.00080","70"
"85.74800","-0.50547","-0.04932","0.14041","0.00027","70"
"85.84801","-0.33703","0.03969","0.09362","-0.00022","70"
"85.94801","-0.17016","-0.00622","0.04727","0.00003","70"
"86.04801","-0.00359","-0.00457","0.00100","0.00003","70"
"86.05200","0.00297","0.00212","-0.00082","-0.00001","70"
"86.05400","0.00641","0.00543","-0.00178","-0.00003","71"
"86.15401","-0.12984","-0.02790","0.03607","0.00015","71"
"86.25401","-0.32109","0.03757","0.08919","-0.00021","71"
"86.35400","-0.49438","0.00053","0.13733","0.00000","71"
"86.45400","-0.66281","-0.06995","0.18411","0.00039","71"
"86.55400","-0.82984","-0.50807","0.23051","0.00280","71"
"86.65401","-0.99656","-1.55175","0.27682","0.00857","71"
"86.65801","-1.00328","-1.59582","0.27869","0.00881","71"
"86.66000","-1.00656","-1.62009","0.27960","0.00894","71"
"86.76000","-0.87016","-1.07324","0.24171","0.00592","71"
"86.86000","-0.67906","-0.01059","0.18863","0.00006","71"
"86.96001","-0.50547","0.05127","0.14041","-0.00028","71"
"87.06001","-0.33703","0.18368","0.09362","-0.00101","71"
"87.16000","-0.17016","0.05590","0.04727","-0.00031","71"
"87.26000","-0.00359","0.06437","0.00100","-0.00036","71"
"87.26401","0.00312","0.06059","-0.00087","-0.00033","71"
"87.26601","0.00641","0.06099","-0.00178","-0.00034","72"
"87.36601","-0.12984","0.04786","0.03607","-0.00026","72"
"87.46600","-0.32109","0.06549","0.08919","-0.00036","72"
"87.56600","-0.49453","0.07184","0.13737","-0.00040","72"
"87.66600","-0.66281","-0.00481","0.18411","0.00003","72"
"87.76601","-0.82984","-0.52529","0.23051","0.00290","72"
"87.86601","-0.99656","-1.51725","0.27682","0.00837","72"
"87.87000","-1.00328","-1.56615","0.27869","0.00864","72"
"87.87200","-1.00656","-1.59279","0.27960","0.00879","72"
"87.97201","-0.87016","-1.11310","0.24171","0.00614","72"
"88.07201","-0.67906","-0.13068","0.18863","0.00072","72"
"88.17201","-0.50547","0.01293","0.14041","-0.00007","72"
"88.27200","-0.33703","0.09891","0.09362","-0.00055","72"
"88.37200","-0.17016","0.00330","0.04727","-0.00002","72"
"88.47201","-0.00359","0.00129","0.00100","-0.00001","72"
"88.47601","0.00297","-0.00641","-0.00082","0.00004","72"
"88.47801","0.00641","-0.01201","-0.00178","0.00007","73"
"88.57800","-0.12984","-0.12265","0.03607","0.00068","73"
"88.67800","-0.32109","-0.10901","0.08919","0.00060","73"
"88.77801","-0.49453","-0.08230","0.13737","0.00045","73"
"88.87801","-0.66281","-0.13242","0.18411","0.00073","73"
"88.97801","-0.82969","-0.62514","0.23047","0.00345","73"
"89.07800","-0.99656","-1.66297","0.27682","0.00918","73"
"89.08200","-1.00328","-1.70888","0.27869","0.00943","73"
"89.08401","-1.00672","-1.73072","0.27964","0.00955","73"
"89.18401","-0.87016","-1.24615","0.24171","0.00688","73"
"89.28401","-0.67891","-0.30025","0.18859","0.00166","73"
"89.38400","-0.50547","-0.00358","0.14041","0.00002","73"
"89.48400","-0.33703","0.00791","0.09362","-0.00004","73"
"89.58401","-0.17016","-0.13279","0.04727","0.00073","73"
"89.68401","-0.00359","-0.12508","0.00100","0.00069","73"
"89.68800","0.00297","-0.11636","-0.00082","0.00064","73"
"89.69000","0.00641","-0.11268","-0.00178","0.00062","74"
"89.79000","-0.12984","-0.06792","0.03607","0.00037","74"
"89.89001","-0.32109","-0.13615","0.08919","0.00075","74"
"89.99001","-0.49453","-0.06834","0.13737","0.00038","74"
"90.09001","-0.66281","-0.16734","0.18411","0.00092","74"
"90.19000","-0.82984","-0.58758","0.23051","0.00324","74"
"90.29000","-0.99656","-1.62090","0.27682","0.00895","74"
"90.29401","-1.00328","-1.65943","0.27869","0.00916","74"
"90.29601","-1.00672","-1.68056","0.27964","0.00928","74"
"90.39600","-0.87016","-1.11399","0.24171","0.00615","74"
"90.49600","-0.67906","-0.09498","0.18863","0.00052","74"
"90.59600","-0.50547","-0.01452","0.14041","0.00008","74"
"90.69601","-0.33703","0.07793","0.09362","-0.00043","74"
"90.79601","-0.17016","-0.03160","0.04727","0.00017","74"
"90.89600","-0.00359","0.10523","0.00100","-0.00058","74"
"90.90000","0.00312","0.12398","-0.00087","-0.00068","74"
"90.90201","0.00641","0.13224","-0.00178","-0.00073","75"
"91.00201","-0.12984","0.12998","0.03607","-0.00072","75"
"91.10201","-0.32109","0.15066","0.08919","-0.00083","75"
"91.20200","-0.49453","0.10152","0.13737","-0.00056","75"
"91.30200","-0.66281","0.00372","0.18411","-0.00002","75"
"91.40201","-0.82984","-0.48060","0.23051","0.00265","75"
"91.50201","-0.99656","-1.44430","0.27682","0.00797","75"
"91.50601","-1.00328","-1.49660","0.27869","0.00826","75"
"91.50800","-1.00656","-1.52367","0.27960","0.00841","75"
"91.60800","-0.87016","-0.95363","0.24171","0.00526","75"
"91.70801","-0.67906","-0.06394","0.18863","0.00035","75"
"91.80801","-0.50547","0.10454","0.14041","-0.00058","75"
"91.90801","-0.33703","0.16025","0.09362","-0.00088","75"
"92.00800","-0.17016","0.07257","0.04727","-0.00040","75"
"92.10800","-0.00359","0.01556","0.00100","-0.00009","75"
"92.11201","0.00312","0.02007","-0.00087","-0.00011","75"
"92.11401","0.00641","0.02138","-0.00178","-0.00012","76"
"92.21401","-0.12984","0.01295","0.03607","-0.00007","76"
"92.31400","-0.32109","0.01005","0.08919","-0.00006","76"
"92.41400","-0.49438","-0.00510","0.13733","0.00003","76"
"92.51401","-0.66281","-0.05167","0.18411","0.00029","76"
"92.61401","-0.82969","-0.51619","0.23047","0.00285","76"
"92.71401","-0.99656","-1.55242","0.27682","0.00857","76"
"92.71800","-1.00328","-1.60753","0.27869","0.00887","76"
"92.72000","-1.00656","-1.63534","0.27960","0.00903","76"
"92.82001","-0.87016","-1.08559","0.24171","0.00599","76"
"92.92001","-0.67891","-0.14596","0.18859","0.00081","76"
"93.02001","-0.50547","-0.10544","0.14041","0.00058","76"
"93.12000","-0.33703","0.02401","0.09362","-0.00013","76"
"93.22000","-0.17016","-0.11491","0.04727","0.00063","76"
"93.32001","-0.00359","-0.08726","0.00100","0.00048","76"
"93.32401","0.00312","-0.08097","-0.00087","0.00045","76"
"93.32601","0.00641","-0.07816","-0.00178","0.00043","77"
"93.42600","-0.12984","-0.03065","0.03607","0.00017","77"
"93.52600","-0.32109","-0.07950","0.08919","0.00044","77"
"93.62601","-0.49438","-0.08647","0.13733","0.00048","77"
"93.72601","-0.66281","-0.16551","0.18411","0.00091","77"
"93.82601","-0.82984","-0.63489","0.23051","0.00350","77"
"93.92600","-0.99656","-1.62814","0.27682","0.00899","77"
"93.93001","-1.00328","-1.68361","0.27869","0.00929","77"
"93.93201","-1.00672","-1.71080","0.27964","0.00944","77"
"94.03201","-0.87016","-1.19736","0.24171","0.00661","77"
"94.13200","-0.67906","-0.14974","0.18863","0.00083","77"
"94.23200","-0.50547","-0.03342","0.14041","0.00018","77"
"94.33200","-0.33703","0.08099","0.09362","-0.00045","77"
"94.43201","-0.17016","-0.08820","0.04727","0.00049","77"
"94.53201","-0.00359","-0.03652","0.00100","0.00020","77"
"94.53600","0.00297","-0.03214","-0.00082","0.00018","77"
"94.53800","0.00641","-0.03012","-0.00178","0.00017","78"
"94.63801","-0.12984","-0.06777","0.03607","0.00037","78"
"94.73801","-0.32109","0.00929","0.08919","-0.00005","78"
"94.83801","-0.49453","-0.06109","0.13737","0.00034","78"
"94.93800","-0.66281","-0.14512","0.18411","0.00080","78"
"95.03800","-0.82984","-0.57931","0.23051","0.00320","78"
"95.13801","-0.99656","-1.54113","0.27682","0.00851","78"
"95.14201","-1.00328","-1.59068","0.27869","0.00878","78"
"95.14401","-1.00656","-1.61576","0.27960","0.00892","78"
"95.24400","-0.87016","-1.02034","0.24171","0.00563","78"
"95.34400","-0.67906","-0.05855","0.18863","0.00032","78"
"95.44401","-0.50563","0.05791","0.14045","-0.00032","78"
"95.54401","-0.33703","0.07529","0.09362","-0.00042","78"
"95.64401","-0.17016","0.02949","0.04727","-0.00016","78"
"95.74400","-0.00359","0.05210","0.00100","-0.00029","78"
"95.74800","0.00312","0.06630","-0.00087","-0.00037","78"
"95.75001","0.00641","0.07154","-0.00178","-0.00039","79"
"95.85001","-0.12984","0.10151","0.03607","-0.00056","79"
"95.95001","-0.32109","0.09106","0.08919","-0.00050","79"
"96.05000","-0.49453","0.08665","0.13737","-0.00048","79"
"96.15000","-0.66297","-0.02650","0.18416","0.00015","79"
"96.25001","-0.82984","-0.47947","0.23051","0.00265","79"
"96.35001","-0.99656","-1.53985","0.27682","0.00850","79"
"96.35400","-1.00328","-1.59145","0.27869","0.00878","79"
"96.35600","-1.00656","-1.61695","0.27960","0.00892","79"
"96.45600","-0.87016","-1.09310","0.24171","0.00603","79"
"96.55601","-0.67906","-0.07857","0.18863","0.00043","79"
"96.65601","-0.50547","0.00637","0.14041","-0.00004","79"
"96.75601","-0.33703","0.13014","0.09362","-0.00072","79"
"96.85600","-0.17016","-0.01941","0.04727","0.00011","79"
"96.95600","-0.00359","0.01879","0.00100","-0.00010","79"
"96.96001","0.00297","0.03376","-0.00082","-0.00019","79"
"96.96201","0.00641","0.04223","-0.00178","-0.00023","80"
"97.06201","-0.12984","-0.01403","0.03607","0.00008","80"
"97.16200","-0.32109","-0.02416","0.08919","0.00013","80"
"97.26200","-0.49453","-0.01886","0.13737","0.00010","80"
"97.36201","-0.66281","-0.11669","0.18411","0.00064","80"
"97.46201","-0.82984","-0.59343","0.23051","0.00328","80"
"97.56201","-0.99656","-1.64469","0.27682","0.00908","80"
"97.56600","-1.00328","-1.69670","0.27869","0.00937","80"
"97.56801","-1.00656","-1.72256","0.27960","0.00951","80"
"97.66801","-0.87016","-1.24798","0.24171","0.00689","80"
"97.76801","-0.67891","-0.19914","0.18859","0.00110","80"
"97.86800","-0.50547","-0.08227","0.14041","0.00045","80"
"97.96800","-0.33719","0.02682","0.09366","-0.00015","80"
"98.06801","-0.17016","-0.02275","0.04727","0.00013","80"
"98.16801","-0.00359","-0.02298","0.00100","0.00013","80"
"98.17201","0.00312","-0.02025","-0.00087","0.00011","80"
"98.17400","0.00641","-0.01956","-0.00178","0.00011","81"
"98.27400","-0.12984","-0.11696","0.03607","0.00065","81"
"98.37401","-0.32109","-0.07454","0.08919","0.00041","81"
"98.47401","-0.49453","-0.00948","0.13737","0.00005","81"
"98.57401","-0.66281","-0.14733","0.18411","0.00081","81"
"98.67400","-0.82984","-0.62480","0.23051","0.00345","81"
"98.77400","-0.99656","-1.62216","0.27682","0.00895","81"
"98.77801","-1.00328","-1.67590","0.27869","0.00925","81"
"98.78001","-1.00672","-1.70593","0.27964","0.00942","81"
"98.88001","-0.87016","-1.17090","0.24171","0.00646","81"
"98.98000","-0.67906","-0.10479","0.18863","0.00058","81"
"99.08000","-0.50563","0.03036","0.14045","-0.00017","81"
"99.18001","-0.33703","0.06339","0.09362","-0.00035","81"
"99.28001","-0.17016","-0.04135","0.04727","0.00023","81"
"99.38001","-0.00375","0.00729","0.00104","-0.00004","81"
"99.38400","0.00312","0.01763","-0.00087","-0.00010","81"
"99.38600","0.00641","0.02148","-0.00178","-0.00012","82"
"99.48601","-0.12984","0.04815","0.03607","-0.00027","82"
"99.58601","-0.32109","0.03482","0.08919","-0.00019","82"
"99.68601","-0.49453","0.00722","0.13737","-0.00004","82"
"99.78600","-0.66281","-0.06141","0.18411","0.00034","82"
"99.88600","-0.82969","-0.61532","0.23047","0.00340","82"
"99.98601","-0.99656","-1.85131","0.27682","0.01022","82"
"99.99001","-1.00328","-1.91608","0.27869","0.01058","82"
"99.99201","-1.00656","-1.94784","0.27960","0.01075","82"
"100.09200","-0.87016","-1.09942","0.24171","0.00607","82"
"100.19200","-0.67906","-0.07527","0.18863","0.00042","82"
"100.29201","-0.50547","0.00637","0.14041","-0.00004","82"
"100.39201","-0.33703","0.17034","0.09362","-0.00094","82"
"100.49201","-0.17016","-0.05274","0.04727","0.00029","82"
"100.59200","-0.00359","0.08356","0.00100","-0.00046","82"
"100.59601","0.00297","0.08054","-0.00082","-0.00044","82"
"100.59801","0.00641","0.07823","-0.00178","-0.00043","83"
"100.69801","-0.12984","0.04643","0.03607","-0.00026","83"
"100.79801","-0.32109","0.08254","0.08919","-0.00046","83"
"100.89800","-0.49453","0.04208","0.13737","-0.00023","83"
"100.99800","-0.66281","-0.10409","0.18411","0.00057","83"
"101.09801","-0.82984","-0.55332","0.23051","0.00305","83"
"101.19801","-0.99656","-1.54348","0.27682","0.00852","83"
"101.20200","-1.00328","-1.58480","0.27869","0.00875","83"
"101.20400","-1.00656","-1.60900","0.27960","0.00888","83"
"101.30401","-0.87016","-1.20863","0.24171","0.00667","83"
"101.40401","-0.67906","-0.13236","0.18863","0.00073","83"
"101.50401","-0.50547","0.02039","0.14041","-0.00011","83"
"101.60400","-0.33719","0.05824","0.09366","-0.00032","83"
"101.70400","-0.17016","-0.04269","0.04727","0.00024","83"
"101.80401","-0.00359","-0.03381","0.00100","0.00019","83"
"101.80801","0.00297","-0.03419","-0.00082","0.00019","83"
"101.81001","0.00641","-0.03466","-0.00178","0.00019","84"
"101.91000","-0.12984","-0.01066","0.03607","0.00006","84"
"102.01000","-0.32109","-0.04331","0.08919","0.00024","84"
"102.11001","-0.49453","-0.05604","0.13737","0.00031","84"
"102.21001","-0.66297","-0.20245","0.18416","0.00112","84"
"102.31001","-0.82969","-0.65157","0.23047","0.00360","84"
"102.41000","-0.99656","-1.64645","0.27682","0.00909","84"
"102.41400","-1.00328","-1.70427","0.27869","0.00941","84"
"102.41601","-1.00656","-1.73248","0.27960","0.00956","84"
"102.51601","-0.87016","-1.18725","0.24171","0.00655","84"
"102.61601","-0.67906","-0.10626","0.18863","0.00059","84"
"102.71600","-0.50563","-0.12086","0.14045","0.00067","84"
"102.81600","-0.33703","0.07127","0.09362","-0.00039","84"
"102.91601","-0.17016","-0.10382","0.04727","0.00057","84"
"103.01601","-0.00375","-0.07604","0.00104","0.00042","84"
"103.02001","0.00312","-0.08535","-0.00087","0.00047","84"
"103.02200","0.00641","-0.08975","-0.00178","0.00050","85"
"103.12200","-0.12984","0.01750","0.03607","-0.00010","85"
"103.22201","-0.32109","0.02357","0.08919","-0.00013","85"
"103.32201","-0.49453","-0.04563","0.13737","0.00025","85"
"103.42201","-0.66297","-0.14800","0.18416","0.00082","85"
"103.52200","-0.82984","-0.54248","0.23051","0.00299","85"
"103.62200","-0.99656","-1.55320","0.27682","0.00857","85"
"103.62601","-1.00328","-1.60853","0.27869","0.00888","85"
"103.62801","-1.00656","-1.63658","0.27960","0.00903","85"
"103.72801","-0.87016","-1.13506","0.24171","0.00627","85"
"103.82800","-0.67906","-0.10681","0.18863","0.00059","85"
"103.92800","-0.50563","-0.01147","0.14045","0.00006","85"
"104.02801","-0.33703","0.09766","0.09362","-0.00054","85"
"104.12801","-0.17016","0.03642","0.04727","-0.00020","85"
"104.22801","-0.00359","0.05435","0.00100","-0.00030","85"
"104.23200","0.00297","0.05387","-0.00082","-0.00030","85"
"104.23400","0.00641","0.05279","-0.00178","-0.00029","86"
"104.33401","-0.12984","0.02927","0.03607","-0.00016","86"
"104.43401","-0.32109","0.06242","0.08919","-0.00034","86"
"104.53401","-0.49453","0.09788","0.13737","-0.00054","86"
"104.63400","-0.66297","-0.01845","0.18416","0.00010","86"
"104.73401","-0.82969","-0.55413","0.23047","0.00306","86"
"104.83401","-0.99656","-1.50623","0.27682","0.00831","86"
"104.83801","-1.00328","-1.55858","0.27869","0.00860","86"
"104.84001","-1.00656","-1.58432","0.27960","0.00874","86"
"104.94000","-0.87016","-1.05660","0.24171","0.00583","86"
"105.04001","-0.67891","-0.08488","0.18859","0.00047","86"
"105.14001","-0.50563","0.08843","0.14045","-0.00049","86"
"105.24001","-0.33703","0.19092","0.09362","-0.00105","86"
"105.34001","-0.17016","0.00877","0.04727","-0.00005","86"
"105.44000","-0.00359","-0.01560","0.00100","0.00009","86"
"105.44401","0.00312","-0.00942","-0.00087","0.00005","86"
"105.44601","0.00641","-0.00734","-0.00178","0.00004","87"
"105.54601","-0.12984","-0.00638","0.03607","0.00004","87"
"105.64600","-0.32109","0.00354","0.08919","-0.00002","87"
"105.74600","-0.49453","-0.03681","0.13737","0.00020","87"
"105.84601","-0.66297","-0.16526","0.18416","0.00091","87"
"105.94601","-0.82984","-0.59461","0.23051","0.00328","87"
"106.04601","-0.99641","-1.65572","0.27678","0.00914","87"
"106.05000","-1.00328","-1.70594","0.27869","0.00942","87"
"106.05200","-1.00656","-1.73074","0.27960","0.00955","87"
"106.15201","-0.87016","-1.17961","0.24171","0.00651","87"
"106.25201","-0.67906","-0.18135","0.18863","0.00100","87"
"106.35201","-0.50563","-0.08868","0.14045","0.00049","87"
"106.45200","-0.33703","0.01370","0.09362","-0.00008","87"
"106.55200","-0.17016","-0.04585","0.04727","0.00025","87"
"106.65201","-0.00359","-0.04819","0.00100","0.00027","87"
"106.65601","0.00297","-0.05172","-0.00082","0.00029","87"
"106.65801","0.00641","-0.05368","-0.00178","0.00030","88"
"106.75800","-0.12984","-0.06037","0.03607","0.00033","88"
"106.85800","-0.32109","0.00035","0.08919","0.00000","88"
"106.95801","-0.49453","-0.05277","0.13737","0.00029","88"
"107.05801","-0.66297","-0.14541","0.18416","0.00080","88"
"107.15801","-0.82984","-0.56069","0.23051","0.00309","88"
"107.25800","-0.99656","-1.61406","0.27682","0.00891","88"
"107.26201","-1.00328","-1.66321","0.27869","0.00918","88"
"107.26401","-1.00656","-1.68659","0.27960","0.00931","88"
"107.36401","-0.87016","-1.10201","0.24171","0.00608","88"
"107.46401","-0.67906","-0.05859","0.18863","0.00032","88"
"107.56400","-0.50563","0.02180","0.14045","-0.00012","88"
"107.66400","-0.33703","0.03148","0.09362","-0.00017","88"
"107.76401","-0.17016","-0.00914","0.04727","0.00005","88"
"107.86401","-0.00359","0.01497","0.00100","-0.00008","88"
"107.86800","0.00297","0.01899","-0.00082","-0.00010","88"
"107.87000","0.00641","0.02098","-0.00178","-0.00012","89"
"107.97001","-0.12984","0.04606","0.03607","-0.00025","89"
"108.07001","-0.32109","-0.01540","0.08919","0.00009","89"
"108.17001","-0.49453","0.03813","0.13737","-0.00021","89"
"108.27001","-0.66297","-0.02247","0.18416","0.00012","89"
"108.37000","-0.82984","-0.68105","0.23051","0.00376","89"
"108.47001","-0.99641","-1.59151","0.27678","0.00878","89"
"108.47401","-1.00328","-1.64710","0.27869","0.00909","89"
"108.47601","-1.00656","-1.67290","0.27960","0.00923","89"
"108.57601","-0.87016","-0.99703","0.24171","0.00550","89"
"108.67600","-0.67906","0.01137","0.18863","-0.00006","89"
"108.77601","-0.50563","0.13195","0.14045","-0.00073","89"
"108.87601","-0.33703","0.15219","0.09362","-0.00084","89"
"108.97601","-0.17016","0.09422","0.04727","-0.00052","89"
"109.07601","-0.00359","0.03543","0.00100","-0.00020","89"
"109.08000","0.00297","0.02916","-0.00082","-0.00016","89"
"109.08201","0.00641","0.02610","-0.00178","-0.00014","90"
"109.18201","-0.12984","0.11093","0.03607","-0.00061","90"
"109.28201","-0.32109","0.10987","0.08919","-0.00061","90"
"109.38200","-0.49453","0.05220","0.13737","-0.00029","90"
"109.48200","-0.66297","-0.10728","0.18416","0.00059","90"
"109.58201","-0.82984","-0.55646","0.23051","0.00307","90"
"109.68201","-0.99656","-1.58210","0.27682","0.00873","90"
"109.68601","-1.00312","-1.63643","0.27865","0.00903","90"
"109.68800","-1.00656","-1.66354","0.27960","0.00918","90"
"109.78800","-0.87016","-1.13247","0.24171","0.00625","90"
"109.88801","-0.67891","-0.07612","0.18859","0.00042","90"
"109.98801","-0.50563","-0.01637","0.14045","0.00009","90"
"110.08801","-0.33703","0.11190","0.09362","-0.00062","90"
"110.18800","-0.17016","-0.02807","0.04727","0.00015","90"
"110.28800","-0.00359","-0.02518","0.00100","0.00014","90"
"110.29201","0.00312","-0.02048","-0.00087","0.00011","90"
"110.29401","0.00641","-0.01785","-0.00178","0.00010","91"
"110.39401","-0.12984","-0.05751","0.03607","0.00032","91"
"110.49400","-0.32109","-0.03137","0.08919","0.00017","91"
"110.59400","-0.49453","-0.02964","0.13737","0.00016","91"
"110.69401","-0.66297","-0.17795","0.18416","0.00098","91"
"110.79401","-0.82984","-0.60992","0.23051","0.00337","91"
"110.89401","-0.99656","-1.62630","0.27682","0.00898","91"
"110.89800","-1.00328","-1.68688","0.27869","0.00931","91"
"110.90000","-1.00656","-1.71691","0.27960","0.00948","91"
"111.00001","-0.87016","-1.19191","0.24171","0.00658","91"
"111.10001","-0.67906","-0.22794","0.18863","0.00126","91"
"111.20001","-0.50563","-0.10762","0.14045","0.00059","91"
"111.30000","-0.33703","-0.01311","0.09362","0.00007","91"
"111.40000","-0.17016","-0.03332","0.04727","0.00018","91"
"111.50001","-0.00359","-0.03876","0.00100","0.00021","91"
"111.50401","0.00297","-0.04784","-0.00082","0.00026","91"
"111.50601","0.00641","-0.05079","-0.00178","0.00028","92"
"111.60600","-0.12984","-0.03451","0.03607","0.00019","92"
"111.70601","-0.32109","-0.00811","0.08919","0.00004","92"
"111.80601","-0.49453","-0.01190","0.13737","0.00007","92"
"111.90601","-0.66297","-0.10723","0.18416","0.00059","92"
"112.00601","-0.82984","-0.54997","0.23051","0.00304","92"
"112.10600","-0.99641","-1.54577","0.27678","0.00853","92"
"112.11001","-1.00328","-1.59743","0.27869","0.00882","92"
"112.11201","-1.00656","-1.62459","0.27960","0.00897","92"
"112.21201","-0.87016","-1.07445","0.24171","0.00593","92"
"112.31201","-0.67906","-0.09887","0.18863","0.00055","92"
"112.41200","-0.50563","0.03515","0.14045","-0.00019","92"
"112.51201","-0.33703","0.07244","0.09362","-0.00040","92"
"112.61201","-0.17016","0.06544","0.04727","-0.00036","92"
"112.71201","-0.00359","0.01808","0.00100","-0.00010","92"
"112.71600","0.00297","0.00704","-0.00082","-0.00004","92"
"112.71800","0.00641","0.00035","-0.00178","0.00000","93"
"112.81801","-0.12984","-0.01569","0.03607","0.00009","93"
"112.91801","-0.32094","0.04192","0.08915","-0.00023","93"
"113.01801","-0.49453","0.02709","0.13737","-0.00015","93"
"113.11800","-0.66297","-0.02251","0.18416","0.00012","93"
"113.21800","-0.82984","-0.62138","0.23051","0.00343","93"
"113.31801","-0.99656","-1.54207","0.27682","0.00851","93"
"113.32201","-1.00328","-1.58734","0.27869","0.00876","93"
"113.32401","-1.00656","-1.61026","0.27960","0.00889","93"
"113.42400","-0.87016","-1.15659","0.24171","0.00638","93"
"113.52400","-0.67906","-0.10435","0.18863","0.00058","93"
"113.62401","-0.50547","0.04980","0.14041","-0.00027","93"
"113.72401","-0.33703","0.02500","0.09362","-0.00014","93"
"113.82401","-0.17016","-0.03909","0.04727","0.00022","93"
"113.92400","-0.00359","-0.06540","0.00100","0.00036","93"
"113.92801","0.00297","-0.07014","-0.00082","0.00039","93"
"113.93001","0.00641","-0.07298","-0.00178","0.00040","94"
"114.03001","-0.12984","-0.07706","0.03607","0.00043","94"
"114.13001","-0.32109","-0.04238","0.08919","0.00023","94"
"114.23000","-0.49453","0.01847","0.13737","-0.00010","94"
"114.33000","-0.66297","-0.12202","0.18416","0.00067","94"
"114.43001","-0.82984","-0.58114","0.23051","0.00321","94"
"114.53001","-0.99656","-1.59651","0.27682","0.00881","94"
"114.53401","-1.00328","-1.63672","0.27869","0.00903","94"
"114.53600","-1.00656","-1.65610","0.27960","0.00914","94"
"114.63601","-0.87016","-1.12039","0.24171","0.00618","94"
"114.73601","-0.67891","-0.08786","0.18859","0.00048","94"
"114.83601","-0.50563","-0.03381","0.14045","0.00019","94"
"114.93601","-0.33703","0.10100","0.09362","-0.00056","94"
"115.03600","-0.17016","-0.07904","0.04727","0.00044","94"
"115.13601","-0.00359","-0.06947","0.00100","0.00038","94"
"115.14001","0.00297","-0.07301","-0.00082","0.00040","94"
"115.14201","0.00641","-0.07518","-0.00178","0.00041","95"
"115.24201","-0.12984","-0.11962","0.03607","0.00066","95"
"115.34200","-0.32109","0.03013","0.08919","-0.00017","95"
"115.44201","-0.49453","-0.01579","0.13737","0.00009","95"
"115.54201","-0.66297","-0.18114","0.18416","0.00100","95"
"115.64201","-0.82969","-0.58799","0.23047","0.00325","95"
"115.74201","-0.99656","-1.55653","0.27682","0.00859","95"
"115.74600","-1.00328","-1.60556","0.27869","0.00886","95"
"115.74801","-1.00656","-1.63092","0.27960","0.00900","95"
"115.84801","-0.87016","-1.11828","0.24171","0.00617","95"
"115.94801","-0.67906","-0.05783","0.18863","0.00032","95"
"116.04801","-0.50547","-0.01430","0.14041","0.00008","95"
"116.14800","-0.33703","0.10574","0.09362","-0.00058","95"
"116.24801","-0.17016","0.04453","0.04727","-0.00025","95"
"116.34801","-0.00359","0.02783","0.00100","-0.00015","95"
"116.35201","0.00312","0.02303","-0.00087","-0.00013","95"
"116.35400","0.00641","0.02096","-0.00178","-0.00012","96"
"116.45400","-0.12984","0.02625","0.03607","-0.00014","96"
"116.55401","-0.32109","0.01363","0.08919","-0.00008","96"
"116.65401","-0.49453","0.07282","0.13737","-0.00040","96"
"116.75401","-0.66297","-0.07313","0.18416","0.00040","96"
"116.85400","-0.83000","-0.52569","0.23056","0.00290","96"
"116.95400","-0.99656","-1.56695","0.27682","0.00865","96"
"116.95801","-1.00312","-1.61376","0.27865","0.00891","96"
"116.96001","-1.00656","-1.63642","0.27960","0.00903","96"
"117.06001","-0.87016","-1.13201","0.24171","0.00625","96"
"117.16000","-0.67891","-0.01720","0.18859","0.00009","96"
"117.26000","-0.50547","0.10800","0.14041","-0.00060","96"
"117.36001","-0.33703","0.18273","0.09362","-0.00101","96"
"117.46001","-0.17016","0.10259","0.04727","-0.00057","96"
"117.56001","-0.00359","0.03294","0.00100","-0.00018","96"
"117.56400","0.00312","0.04032","-0.00087","-0.00022","96"
"117.56600","0.00641","0.04632","-0.00178","-0.00026","97"
"117.66601","-0.12984","0.04745","0.03607","-0.00026","97"
"117.76601","-0.32109","0.05697","0.08919","-0.00031","97"
"117.86601","-0.49453","0.05167","0.13737","-0.00029","97"
"117.96600","-0.66297","-0.04912","0.18416","0.00027","97"
"118.06600","-0.82984","-0.51466","0.23051","0.00284","97"
"118.16601","-0.99641","-1.54008","0.27678","0.00850","97"
"118.17001","-1.00328","-1.58649","0.27869","0.00876","97"
"118.17201","-1.00656","-1.61019","0.27960","0.00889","97"
"118.27200","-0.87016","-1.12310","0.24171","0.00620","97"
"118.37201","-0.67906","-0.05564","0.18863","0.00031","97"
"118.47201","-0.50547","-0.03026","0.14041","0.00017","97"
"118.57201","-0.33703","0.01973","0.09362","-0.00011","97"
"118.67201","-0.17016","-0.04031","0.04727","0.00022","97"
"118.77200","-0.00359","-0.04836","0.00100","0.00027","97"
"118.77601","0.00312","-0.04477","-0.00087","0.00025","97"
"118.77801","0.00641","-0.04220","-0.00178","0.00023","98"
"118.87801","-0.12984","-0.08486","0.03607","0.00047","98"
"118.97801","-0.32109","-0.09230","0.08919","0.00051","98"
"119.07800","-0.49453","-0.05997","0.13737","0.00033","98"
"119.17801","-0.66297","-0.16651","0.18416","0.00092","98"
"119.27801","-0.82969","-0.65905","0.23047","0.00364","98"
"119.37801","-0.99656","-1.73698","0.27682","0.00959","98"
"119.38200","-1.00328","-1.77884","0.27869","0.00982","98"
"119.38400","-1.00656","-1.79819","0.27960","0.00993","98"
"119.48401","-0.87016","-1.17694","0.24171","0.00650","98"
"119.58401","-0.67906","-0.14582","0.18863","0.00080","98"
"119.68401","-0.50547","0.05920","0.14041","-0.00033","98"
"119.78401","-0.33703","0.03506","0.09362","-0.00019","98"
"119.88400","-0.17016","-0.02888","0.04727","0.00016","98"
"119.98401","-0.00359","0.01003","0.00100","-0.00006","98"
"119.98801","0.00312","0.00898","-0.00087","-0.00005","98"
"119.99001","0.00641","0.00896","-0.00178","-0.00005","99"
"120.09001","-0.12984","0.02049","0.03607","-0.00011","99"
"120.19000","-0.32109","0.00150","0.08919","-0.00001","99"
"120.29001","-0.49453","0.01340","0.13737","-0.00007","99"
"120.39001","-0.66297","-0.11525","0.18416","0.00064","99"
"120.49001","-0.82984","-0.56667","0.23051","0.00313","99"
"120.59001","-0.99656","-1.61404","0.27682","0.00891","99"
"120.59401","-1.00328","-1.66267","0.27869","0.00918","99"
"120.59601","-1.00656","-1.68493","0.27960","0.00930","99"
"120.69601","-0.87016","-1.09263","0.24171","0.00603","99"
"120.79601","-0.67906","-0.08887","0.18863","0.00049","99"
"120.89600","-0.50547","0.04106","0.14041","-0.00023","99"
"120.99600","-0.33703","0.04301","0.09362","-0.00024","99"
"121.09601","-0.17016","0.02596","0.04727","-0.00014","99"
"121.19601","-0.00359","0.02204","0.00100","-0.00012","99"
"121.20001","0.00312","0.01694","-0.00087","-0.00009","99"
"121.20200","0.00641","0.01443","-0.00178","-0.00008","100"
